driverId,driverRef,number,code,name,dob,nationality,url
1,hamilton,44,HAM,Hamilton Lewis,1985-01-07,British,http://en.wikipedia.org/wiki/Lewis_Hamilton
2,heidfeld,No Data,HEI,Heidfeld Nick,1977-05-10,German,http://en.wikipedia.org/wiki/Nick_Heidfeld
3,rosberg,6,ROS,Rosberg Nico,1985-06-27,German,http://en.wikipedia.org/wiki/Nico_Rosberg
4,alonso,14,ALO,Alonso Fernando,1981-07-29,Spanish,http://en.wikipedia.org/wiki/Fernando_Alonso
5,kovalainen,No Data,KOV,Kovalainen Heikki,1981-10-19,Finnish,http://en.wikipedia.org/wiki/Heikki_Kovalainen
6,nakajima,No Data,NAK,Nakajima Kazuki,1985-01-11,Japanese,http://en.wikipedia.org/wiki/Kazuki_Nakajima
7,bourdais,No Data,BOU,Bourdais Sébastien,1979-02-28,French,http://en.wikipedia.org/wiki/S%C3%A9bastien_Bourdais
8,raikkonen,7,RAI,Räikkönen Kimi,1979-10-17,Finnish,http://en.wikipedia.org/wiki/Kimi_R%C3%A4ikk%C3%B6nen
9,kubica,88,KUB,Kubica Robert,1984-12-07,Polish,http://en.wikipedia.org/wiki/Robert_Kubica
10,glock,No Data,GLO,Glock Timo,1982-03-18,German,http://en.wikipedia.org/wiki/Timo_Glock
11,sato,No Data,SAT,Sato Takuma,1977-01-28,Japanese,http://en.wikipedia.org/wiki/Takuma_Sato
12,piquet_jr,No Data,PIQ,Piquet Jr. Nelson,1985-07-25,Brazilian,"http://en.wikipedia.org/wiki/Nelson_Piquet,_Jr."
13,massa,19,MAS,Massa Felipe,1981-04-25,Brazilian,http://en.wikipedia.org/wiki/Felipe_Massa
14,coulthard,No Data,COU,Coulthard David,1971-03-27,British,http://en.wikipedia.org/wiki/David_Coulthard
15,trulli,No Data,TRU,Trulli Jarno,1974-07-13,Italian,http://en.wikipedia.org/wiki/Jarno_Trulli
16,sutil,99,SUT,Sutil Adrian,1983-01-11,German,http://en.wikipedia.org/wiki/Adrian_Sutil
17,webber,No Data,WEB,Webber Mark,1976-08-27,Australian,http://en.wikipedia.org/wiki/Mark_Webber
18,button,22,BUT,Button Jenson,1980-01-19,British,http://en.wikipedia.org/wiki/Jenson_Button
19,davidson,No Data,DAV,Davidson Anthony,1979-04-18,British,http://en.wikipedia.org/wiki/Anthony_Davidson
20,vettel,5,VET,Vettel Sebastian,1987-07-03,German,http://en.wikipedia.org/wiki/Sebastian_Vettel
21,fisichella,No Data,FIS,Fisichella Giancarlo,1973-01-14,Italian,http://en.wikipedia.org/wiki/Giancarlo_Fisichella
22,barrichello,No Data,BAR,Barrichello Rubens,1972-05-23,Brazilian,http://en.wikipedia.org/wiki/Rubens_Barrichello
23,ralf_schumacher,No Data,SCH,Schumacher Ralf,1975-06-30,German,http://en.wikipedia.org/wiki/Ralf_Schumacher
24,liuzzi,No Data,LIU,Liuzzi Vitantonio,1980-08-06,Italian,http://en.wikipedia.org/wiki/Vitantonio_Liuzzi
25,wurz,No Data,WUR,Wurz Alexander,1974-02-15,Austrian,http://en.wikipedia.org/wiki/Alexander_Wurz
26,speed,No Data,SPE,Speed Scott,1983-01-24,American,http://en.wikipedia.org/wiki/Scott_Speed
27,albers,No Data,ALB,Albers Christijan,1979-04-16,Dutch,http://en.wikipedia.org/wiki/Christijan_Albers
28,markus_winkelhock,No Data,WIN,Winkelhock Markus,1980-06-13,German,http://en.wikipedia.org/wiki/Markus_Winkelhock
29,yamamoto,No Data,YAM,Yamamoto Sakon,1982-07-09,Japanese,http://en.wikipedia.org/wiki/Sakon_Yamamoto
30,michael_schumacher,No Data,MSC,Schumacher Michael,1969-01-03,German,http://en.wikipedia.org/wiki/Michael_Schumacher
31,montoya,No Data,MON,Pablo Montoya Juan,1975-09-20,Colombian,http://en.wikipedia.org/wiki/Juan_Pablo_Montoya
32,klien,No Data,KLI,Klien Christian,1983-02-07,Austrian,http://en.wikipedia.org/wiki/Christian_Klien
33,monteiro,No Data,TMO,Monteiro Tiago,1976-07-24,Portuguese,http://en.wikipedia.org/wiki/Tiago_Monteiro
34,ide,No Data,IDE,Ide Yuji,1975-01-21,Japanese,http://en.wikipedia.org/wiki/Yuji_Ide
35,villeneuve,No Data,VIL,Villeneuve Jacques,1971-04-09,Canadian,http://en.wikipedia.org/wiki/Jacques_Villeneuve
36,montagny,No Data,FMO,Montagny Franck,1978-01-05,French,http://en.wikipedia.org/wiki/Franck_Montagny
37,rosa,No Data,DLR,de la Rosa Pedro,1971-02-24,Spanish,http://en.wikipedia.org/wiki/Pedro_de_la_Rosa
38,doornbos,No Data,DOO,Doornbos Robert,1981-09-23,Dutch,http://en.wikipedia.org/wiki/Robert_Doornbos
39,karthikeyan,No Data,KAR,Karthikeyan Narain,1977-01-14,Indian,http://en.wikipedia.org/wiki/Narain_Karthikeyan
40,friesacher,No Data,FRI,Friesacher Patrick,1980-09-26,Austrian,http://en.wikipedia.org/wiki/Patrick_Friesacher
41,zonta,No Data,ZON,Zonta Ricardo,1976-03-23,Brazilian,http://en.wikipedia.org/wiki/Ricardo_Zonta
42,pizzonia,No Data,PIZ,Pizzonia Antônio,1980-09-11,Brazilian,http://en.wikipedia.org/wiki/Ant%C3%B4nio_Pizzonia
43,matta,No Data,No Data,da Matta Cristiano,1973-09-19,Brazilian,http://en.wikipedia.org/wiki/Cristiano_da_Matta
44,panis,No Data,No Data,Panis Olivier,1966-09-02,French,http://en.wikipedia.org/wiki/Olivier_Panis
45,pantano,No Data,No Data,Pantano Giorgio,1979-02-04,Italian,http://en.wikipedia.org/wiki/Giorgio_Pantano
46,bruni,No Data,No Data,Bruni Gianmaria,1981-05-30,Italian,http://en.wikipedia.org/wiki/Gianmaria_Bruni
47,baumgartner,No Data,No Data,Baumgartner Zsolt,1981-01-01,Hungarian,http://en.wikipedia.org/wiki/Zsolt_Baumgartner
48,gene,No Data,No Data,Gené Marc,1974-03-29,Spanish,http://en.wikipedia.org/wiki/Marc_Gen%C3%A9
49,frentzen,No Data,No Data,Frentzen Heinz-Harald,1967-05-18,German,http://en.wikipedia.org/wiki/Heinz-Harald_Frentzen
50,verstappen,No Data,No Data,Verstappen Jos,1972-03-04,Dutch,http://en.wikipedia.org/wiki/Jos_Verstappen
51,wilson,No Data,No Data,Wilson Justin,1978-07-31,British,http://en.wikipedia.org/wiki/Justin_Wilson_(racing_driver)
52,firman,No Data,No Data,Firman Ralph,1975-05-20,Irish,http://en.wikipedia.org/wiki/Ralph_Firman
53,kiesa,No Data,No Data,Kiesa Nicolas,1978-03-03,Danish,http://en.wikipedia.org/wiki/Nicolas_Kiesa
54,burti,No Data,No Data,Burti Luciano,1975-03-05,Brazilian,http://en.wikipedia.org/wiki/Luciano_Burti
55,alesi,No Data,No Data,Alesi Jean,1964-06-11,French,http://en.wikipedia.org/wiki/Jean_Alesi
56,irvine,No Data,No Data,Irvine Eddie,1965-11-10,British,http://en.wikipedia.org/wiki/Eddie_Irvine
57,hakkinen,No Data,No Data,Häkkinen Mika,1968-09-28,Finnish,http://en.wikipedia.org/wiki/Mika_H%C3%A4kkinen
58,marques,No Data,No Data,Marques Tarso,1976-01-19,Brazilian,http://en.wikipedia.org/wiki/Tarso_Marques
59,bernoldi,No Data,No Data,Bernoldi Enrique,1978-10-19,Brazilian,http://en.wikipedia.org/wiki/Enrique_Bernoldi
60,mazzacane,No Data,No Data,Mazzacane Gastón,1975-05-08,Argentine,http://en.wikipedia.org/wiki/Gast%C3%B3n_Mazzacane
61,enge,No Data,No Data,Enge Tomáš,1976-09-11,Czech,http://en.wikipedia.org/wiki/Tom%C3%A1%C5%A1_Enge
62,yoong,No Data,No Data,Yoong Alex,1976-07-20,Malaysian,http://en.wikipedia.org/wiki/Alex_Yoong
63,salo,No Data,No Data,Salo Mika,1966-11-30,Finnish,http://en.wikipedia.org/wiki/Mika_Salo
64,diniz,No Data,No Data,Diniz Pedro,1970-05-22,Brazilian,http://en.wikipedia.org/wiki/Pedro_Diniz
65,herbert,No Data,No Data,Herbert Johnny,1964-06-25,British,http://en.wikipedia.org/wiki/Johnny_Herbert
66,mcnish,No Data,No Data,McNish Allan,1969-12-29,British,http://en.wikipedia.org/wiki/Allan_McNish
67,buemi,No Data,BUE,Buemi Sébastien,1988-10-31,Swiss,http://en.wikipedia.org/wiki/S%C3%A9bastien_Buemi
68,takagi,No Data,No Data,Takagi Toranosuke,1974-02-12,Japanese,http://en.wikipedia.org/wiki/Toranosuke_Takagi
69,badoer,No Data,BAD,Badoer Luca,1971-01-25,Italian,http://en.wikipedia.org/wiki/Luca_Badoer
70,zanardi,No Data,No Data,Zanardi Alessandro,1966-10-23,Italian,http://en.wikipedia.org/wiki/Alex_Zanardi
71,damon_hill,No Data,No Data,Hill Damon,1960-09-17,British,http://en.wikipedia.org/wiki/Damon_Hill
72,sarrazin,No Data,No Data,Sarrazin Stéphane,1975-11-02,French,http://en.wikipedia.org/wiki/St%C3%A9phane_Sarrazin
73,rosset,No Data,No Data,Rosset Ricardo,1968-07-27,Brazilian,http://en.wikipedia.org/wiki/Ricardo_Rosset
74,tuero,No Data,No Data,Tuero Esteban,1978-04-22,Argentine,http://en.wikipedia.org/wiki/Esteban_Tuero
75,nakano,No Data,No Data,Nakano Shinji,1971-04-01,Japanese,http://en.wikipedia.org/wiki/Shinji_Nakano
76,magnussen,No Data,MAG,Magnussen Jan,1973-07-04,Danish,http://en.wikipedia.org/wiki/Jan_Magnussen
77,berger,No Data,No Data,Berger Gerhard,1959-08-27,Austrian,http://en.wikipedia.org/wiki/Gerhard_Berger
78,larini,No Data,No Data,Larini Nicola,1964-03-19,Italian,http://en.wikipedia.org/wiki/Nicola_Larini
79,katayama,No Data,No Data,Katayama Ukyo,1963-05-29,Japanese,http://en.wikipedia.org/wiki/Ukyo_Katayama
80,sospiri,No Data,No Data,Sospiri Vincenzo,1966-10-07,Italian,http://en.wikipedia.org/wiki/Vincenzo_Sospiri
81,morbidelli,No Data,No Data,Morbidelli Gianni,1968-01-13,Italian,http://en.wikipedia.org/wiki/Gianni_Morbidelli
82,fontana,No Data,No Data,Fontana Norberto,1975-01-20,Argentine,http://en.wikipedia.org/wiki/Norberto_Fontana
83,lamy,No Data,No Data,Lamy Pedro,1972-03-20,Portuguese,http://en.wikipedia.org/wiki/Pedro_Lamy
84,brundle,No Data,No Data,Brundle Martin,1959-06-01,British,http://en.wikipedia.org/wiki/Martin_Brundle
85,montermini,No Data,No Data,Montermini Andrea,1964-05-30,Italian,http://en.wikipedia.org/wiki/Andrea_Montermini
86,lavaggi,No Data,No Data,Lavaggi Giovanni,1958-02-18,Italian,http://en.wikipedia.org/wiki/Giovanni_Lavaggi
87,blundell,No Data,No Data,Blundell Mark,1966-04-08,British,http://en.wikipedia.org/wiki/Mark_Blundell
88,suzuki,No Data,No Data,Suzuki Aguri,1960-09-08,Japanese,http://en.wikipedia.org/wiki/Aguri_Suzuki
89,inoue,No Data,No Data,Inoue Taki,1963-09-05,Japanese,http://en.wikipedia.org/wiki/Taki_Inoue
90,moreno,No Data,No Data,Moreno Roberto,1959-02-11,Brazilian,http://en.wikipedia.org/wiki/Roberto_Moreno
91,wendlinger,No Data,No Data,Wendlinger Karl,1968-12-20,Austrian,http://en.wikipedia.org/wiki/Karl_Wendlinger
92,gachot,No Data,No Data,Gachot Bertrand,1962-12-23,Belgian,http://en.wikipedia.org/wiki/Bertrand_Gachot
93,schiattarella,No Data,No Data,Schiattarella Domenico,1967-11-17,Italian,http://en.wikipedia.org/wiki/Domenico_Schiattarella
94,martini,No Data,No Data,Martini Pierluigi,1961-04-23,Italian,http://en.wikipedia.org/wiki/Pierluigi_Martini
95,mansell,No Data,No Data,Mansell Nigel,1953-08-08,British,http://en.wikipedia.org/wiki/Nigel_Mansell
96,boullion,No Data,No Data,Boullion Jean-Christophe,1969-12-27,French,http://en.wikipedia.org/wiki/Jean-Christophe_Boullion
97,papis,No Data,No Data,Papis Massimiliano,1969-10-03,Italian,http://en.wikipedia.org/wiki/Massimiliano_Papis
98,deletraz,No Data,No Data,Délétraz Jean-Denis,1963-10-01,Swiss,http://en.wikipedia.org/wiki/Jean-Denis_Deletraz
99,tarquini,No Data,No Data,Tarquini Gabriele,1962-03-02,Italian,http://en.wikipedia.org/wiki/Gabriele_Tarquini
100,comas,No Data,No Data,Comas Érik,1963-09-28,French,http://en.wikipedia.org/wiki/%C3%89rik_Comas
101,brabham,No Data,No Data,Brabham David,1965-09-05,Australian,http://en.wikipedia.org/wiki/David_Brabham
102,senna,No Data,No Data,Senna Ayrton,1960-03-21,Brazilian,http://en.wikipedia.org/wiki/Ayrton_Senna
103,bernard,No Data,No Data,Bernard Éric,1964-08-24,French,http://en.wikipedia.org/wiki/%C3%89ric_Bernard
104,fittipaldi,No Data,No Data,Fittipaldi Christian,1971-01-18,Brazilian,http://en.wikipedia.org/wiki/Christian_Fittipaldi
105,alboreto,No Data,No Data,Alboreto Michele,1956-12-23,Italian,http://en.wikipedia.org/wiki/Michele_Alboreto
106,beretta,No Data,No Data,Beretta Olivier,1969-11-23,Monegasque,http://en.wikipedia.org/wiki/Olivier_Beretta
107,ratzenberger,No Data,No Data,Ratzenberger Roland,1960-07-04,Austrian,http://en.wikipedia.org/wiki/Roland_Ratzenberger
108,belmondo,No Data,No Data,Belmondo Paul,1963-04-23,French,http://en.wikipedia.org/wiki/Paul_Belmondo
109,lehto,No Data,No Data,Järvilehto Jyrki,1966-01-31,Finnish,http://en.wikipedia.org/wiki/Jyrki_J%C3%A4rvilehto
110,cesaris,No Data,No Data,de Cesaris Andrea,1959-05-31,Italian,http://en.wikipedia.org/wiki/Andrea_de_Cesaris
111,gounon,No Data,No Data,Gounon Jean-Marc,1963-01-01,French,http://en.wikipedia.org/wiki/Jean-Marc_Gounon
112,alliot,No Data,No Data,Alliot Philippe,1954-07-27,French,http://en.wikipedia.org/wiki/Philippe_Alliot
113,adams,No Data,No Data,Adams Philippe,1969-11-19,Belgian,http://en.wikipedia.org/wiki/Philippe_Adams
114,dalmas,No Data,No Data,Dalmas Yannick,1961-07-28,French,http://en.wikipedia.org/wiki/Yannick_Dalmas
115,noda,No Data,No Data,Noda Hideki,1969-03-07,Japanese,http://en.wikipedia.org/wiki/Hideki_Noda
116,lagorce,No Data,No Data,Lagorce Franck,1968-09-01,French,http://en.wikipedia.org/wiki/Franck_Lagorce
117,prost,No Data,No Data,Prost Alain,1955-02-24,French,http://en.wikipedia.org/wiki/Alain_Prost
118,warwick,No Data,No Data,Warwick Derek,1954-08-27,British,http://en.wikipedia.org/wiki/Derek_Warwick
119,patrese,No Data,No Data,Patrese Riccardo,1954-04-17,Italian,http://en.wikipedia.org/wiki/Riccardo_Patrese
120,barbazza,No Data,No Data,Barbazza Fabrizio,1963-04-02,Italian,http://en.wikipedia.org/wiki/Fabrizio_Barbazza
121,andretti,No Data,No Data,Andretti Michael,1962-10-05,American,http://en.wikipedia.org/wiki/Michael_Andretti
122,capelli,No Data,No Data,Capelli Ivan,1963-05-24,Italian,http://en.wikipedia.org/wiki/Ivan_Capelli
123,boutsen,No Data,No Data,Boutsen Thierry,1957-07-13,Belgian,http://en.wikipedia.org/wiki/Thierry_Boutsen
124,apicella,No Data,No Data,Apicella Marco,1965-10-07,Italian,http://en.wikipedia.org/wiki/Marco_Apicella
125,naspetti,No Data,No Data,Naspetti Emanuele,1968-02-24,Italian,http://en.wikipedia.org/wiki/Emanuele_Naspetti
126,toshio_suzuki,No Data,No Data,Suzuki Toshio,1955-03-10,Japanese,http://en.wikipedia.org/wiki/Toshio_Suzuki_(driver)
127,gugelmin,No Data,No Data,Gugelmin Maurício,1963-04-20,Brazilian,http://en.wikipedia.org/wiki/Maur%C3%ADcio_Gugelmin
128,poele,No Data,No Data,van de Poele Eric,1961-09-30,Belgian,http://en.wikipedia.org/wiki/Eric_van_de_Poele
129,grouillard,No Data,No Data,Grouillard Olivier,1958-09-02,French,http://en.wikipedia.org/wiki/Olivier_Grouillard
130,chiesa,No Data,No Data,Chiesa Andrea,1964-05-06,Swiss,http://en.wikipedia.org/wiki/Andrea_Chiesa
131,modena,No Data,No Data,Modena Stefano,1963-05-12,Italian,http://en.wikipedia.org/wiki/Stefano_Modena
132,amati,No Data,No Data,Amati Giovanna,1959-07-20,Italian,http://en.wikipedia.org/wiki/Giovanna_Amati
133,caffi,No Data,No Data,Caffi Alex,1964-03-18,Italian,http://en.wikipedia.org/wiki/Alex_Caffi
134,bertaggia,No Data,No Data,Bertaggia Enrico,1964-09-19,Italian,http://en.wikipedia.org/wiki/Enrico_Bertaggia
135,mccarthy,No Data,No Data,McCarthy Perry,1961-03-03,British,http://en.wikipedia.org/wiki/Perry_McCarthy
136,lammers,No Data,No Data,Lammers Jan,1956-06-02,Dutch,http://en.wikipedia.org/wiki/Jan_Lammers
137,piquet,No Data,No Data,Piquet Nelson,1952-08-17,Brazilian,http://en.wikipedia.org/wiki/Nelson_Piquet
138,satoru_nakajima,No Data,No Data,Nakajima Satoru,1953-02-23,Japanese,http://en.wikipedia.org/wiki/Satoru_Nakajima
139,pirro,No Data,No Data,Pirro Emanuele,1962-01-12,Italian,http://en.wikipedia.org/wiki/Emanuele_Pirro
140,johansson,No Data,No Data,Johansson Stefan,1956-09-08,Swedish,http://en.wikipedia.org/wiki/Stefan_Johansson
141,bailey,No Data,No Data,Bailey Julian,1961-10-09,British,http://en.wikipedia.org/wiki/Julian_Bailey
142,chaves,No Data,No Data,Chaves Pedro,1965-02-27,Portuguese,http://en.wikipedia.org/wiki/Pedro_Chaves
143,bartels,No Data,No Data,Bartels Michael,1968-03-08,German,http://en.wikipedia.org/wiki/Michael_Bartels
144,hattori,No Data,No Data,Hattori Naoki,1966-06-13,Japanese,http://en.wikipedia.org/wiki/Naoki_Hattori
145,nannini,No Data,No Data,Nannini Alessandro,1959-07-07,Italian,http://en.wikipedia.org/wiki/Alessandro_Nannini
146,schneider,No Data,No Data,Schneider Bernd,1964-07-20,German,http://en.wikipedia.org/wiki/Bernd_Schneider_(racecar_driver)
147,barilla,No Data,No Data,Barilla Paolo,1961-04-20,Italian,http://en.wikipedia.org/wiki/Paolo_Barilla
148,foitek,No Data,No Data,Foitek Gregor,1965-03-27,Swiss,http://en.wikipedia.org/wiki/Gregor_Foitek
149,langes,No Data,No Data,Langes Claudio,1960-07-20,Italian,http://en.wikipedia.org/wiki/Claudio_Langes
150,gary_brabham,No Data,No Data,Brabham Gary,1961-03-29,Australian,http://en.wikipedia.org/wiki/Gary_Brabham
151,donnelly,No Data,No Data,Donnelly Martin,1964-03-26,British,http://en.wikipedia.org/wiki/Martin_Donnelly_(racing_driver)
152,giacomelli,No Data,No Data,Giacomelli Bruno,1952-09-10,Italian,http://en.wikipedia.org/wiki/Bruno_Giacomelli
153,alguersuari,No Data,ALG,Alguersuari Jaime,1990-03-23,Spanish,http://en.wikipedia.org/wiki/Jaime_Alguersuari
154,grosjean,8,GRO,Grosjean Romain,1986-04-17,French,http://en.wikipedia.org/wiki/Romain_Grosjean
155,kobayashi,10,KOB,Kobayashi Kamui,1986-09-13,Japanese,http://en.wikipedia.org/wiki/Kamui_Kobayashi
156,palmer,No Data,No Data,Palmer Jonathan,1956-11-07,British,http://en.wikipedia.org/wiki/Jonathan_Palmer
157,danner,No Data,No Data,Danner Christian,1958-04-04,German,http://en.wikipedia.org/wiki/Christian_Danner
158,cheever,No Data,No Data,Cheever Eddie,1958-01-10,American,http://en.wikipedia.org/wiki/Eddie_Cheever
159,sala,No Data,No Data,Pérez-Sala Luis,1959-05-15,Spanish,http://en.wikipedia.org/wiki/Luis_Perez-Sala
160,ghinzani,No Data,No Data,Ghinzani Piercarlo,1952-01-16,Italian,http://en.wikipedia.org/wiki/Piercarlo_Ghinzani
161,weidler,No Data,No Data,Weidler Volker,1962-03-18,German,http://en.wikipedia.org/wiki/Volker_Weidler
162,raphanel,No Data,No Data,Raphanel Pierre-Henri,1961-05-27,French,http://en.wikipedia.org/wiki/Pierre-Henri_Raphanel
163,arnoux,No Data,No Data,Arnoux René,1948-07-04,French,http://en.wikipedia.org/wiki/Ren%C3%A9_Arnoux
164,joachim_winkelhock,No Data,No Data,Winkelhock Joachim,1960-10-24,German,http://en.wikipedia.org/wiki/Joachim_Winkelhock
165,larrauri,No Data,No Data,Larrauri Oscar,1954-08-19,Argentine,http://en.wikipedia.org/wiki/Oscar_Larrauri
166,streiff,No Data,No Data,Streiff Philippe,1955-06-26,French,http://en.wikipedia.org/wiki/Philippe_Streiff
167,campos,No Data,No Data,Campos Adrián,1960-06-17,Spanish,http://en.wikipedia.org/wiki/Adri%C3%A1n_Campos
168,schlesser,No Data,No Data,Schlesser Jean-Louis,1948-09-12,French,http://en.wikipedia.org/wiki/Jean-Louis_Schlesser
169,fabre,No Data,No Data,Fabre Pascal,1960-01-09,French,http://en.wikipedia.org/wiki/Pascal_Fabre
170,fabi,No Data,No Data,Fabi Teo,1955-03-09,Italian,http://en.wikipedia.org/wiki/Teo_Fabi
171,forini,No Data,No Data,Forini Franco,1958-09-22,Swiss,http://en.wikipedia.org/wiki/Franco_Forini
172,laffite,No Data,No Data,Laffite Jacques,1943-11-21,French,http://en.wikipedia.org/wiki/Jacques_Laffite
173,angelis,No Data,No Data,de Angelis Elio,1958-03-26,Italian,http://en.wikipedia.org/wiki/Elio_de_Angelis
174,dumfries,No Data,No Data,Dumfries Johnny,1958-04-26,British,http://en.wikipedia.org/wiki/Johnny_Dumfries
175,tambay,No Data,No Data,Tambay Patrick,1949-06-25,French,http://en.wikipedia.org/wiki/Patrick_Tambay
176,surer,No Data,No Data,Surer Marc,1951-09-18,Swiss,http://en.wikipedia.org/wiki/Marc_Surer
177,keke_rosberg,No Data,No Data,Rosberg Keke,1948-12-06,Finnish,http://en.wikipedia.org/wiki/Keke_Rosberg
178,jones,No Data,No Data,Jones Alan,1946-11-02,Australian,http://en.wikipedia.org/wiki/Alan_Jones_(Formula_1)
179,rothengatter,No Data,No Data,Rothengatter Huub,1954-10-08,Dutch,http://en.wikipedia.org/wiki/Huub_Rothengatter
180,berg,No Data,No Data,Berg Allen,1961-08-01,Canadian,http://en.wikipedia.org/wiki/Allen_Berg
181,manfred_winkelhock,No Data,No Data,Winkelhock Manfred,1951-10-06,German,http://en.wikipedia.org/wiki/Manfred_Winkelhock
182,lauda,No Data,No Data,Lauda Niki,1949-02-22,Austrian,http://en.wikipedia.org/wiki/Niki_Lauda
183,hesnault,No Data,No Data,Hesnault François,1956-12-30,French,http://en.wikipedia.org/wiki/Fran%C3%A7ois_Hesnault
184,baldi,No Data,No Data,Baldi Mauro,1954-01-31,Italian,http://en.wikipedia.org/wiki/Mauro_Baldi
185,bellof,No Data,No Data,Bellof Stefan,1957-11-20,German,http://en.wikipedia.org/wiki/Stefan_Bellof
186,acheson,No Data,No Data,Acheson Kenny,1957-11-27,British,http://en.wikipedia.org/wiki/Kenny_Acheson
187,watson,No Data,No Data,Watson John,1946-05-04,British,http://en.wikipedia.org/wiki/John_Watson_(racing_driver)
188,cecotto,No Data,No Data,Cecotto Johnny,1956-01-25,Venezuelan,http://en.wikipedia.org/wiki/Johnny_Cecotto
189,gartner,No Data,No Data,Gartner Jo,1954-01-24,Austrian,http://en.wikipedia.org/wiki/Jo_Gartner
190,corrado_fabi,No Data,No Data,Fabi Corrado,1961-04-12,Italian,http://en.wikipedia.org/wiki/Corrado_Fabi
191,thackwell,No Data,No Data,Thackwell Mike,1961-03-30,New Zealander,http://en.wikipedia.org/wiki/Mike_Thackwell
192,serra,No Data,No Data,Serra Chico,1957-02-03,Brazilian,http://en.wikipedia.org/wiki/Chico_Serra
193,sullivan,No Data,No Data,Sullivan Danny,1950-03-09,American,http://en.wikipedia.org/wiki/Danny_Sullivan
194,salazar,No Data,No Data,Salazar Eliseo,1954-11-14,Chilean,http://en.wikipedia.org/wiki/Eliseo_Salazar
195,guerrero,No Data,No Data,Guerrero Roberto,1958-11-16,Colombian,http://en.wikipedia.org/wiki/Roberto_Guerrero
196,boesel,No Data,No Data,Boesel Raul,1957-12-04,Brazilian,http://en.wikipedia.org/wiki/Raul_Boesel
197,jarier,No Data,No Data,Jarier Jean-Pierre,1946-07-10,French,http://en.wikipedia.org/wiki/Jean-Pierre_Jarier
198,villeneuve_sr,No Data,No Data,Villeneuve Sr. Jacques,1953-11-04,Canadian,http://en.wikipedia.org/wiki/Jacques_Villeneuve_(elder)
199,reutemann,No Data,No Data,Reutemann Carlos,1942-04-12,Argentine,http://en.wikipedia.org/wiki/Carlos_Reutemann
200,mass,No Data,No Data,Mass Jochen,1946-09-30,German,http://en.wikipedia.org/wiki/Jochen_Mass
201,borgudd,No Data,No Data,Borgudd Slim,1946-11-25,Swedish,http://en.wikipedia.org/wiki/Slim_Borgudd
202,pironi,No Data,No Data,Pironi Didier,1952-03-26,French,http://en.wikipedia.org/wiki/Didier_Pironi
203,gilles_villeneuve,No Data,No Data,Villeneuve Gilles,1950-01-18,Canadian,http://en.wikipedia.org/wiki/Gilles_Villeneuve
204,paletti,No Data,No Data,Paletti Riccardo,1958-06-15,Italian,http://en.wikipedia.org/wiki/Riccardo_Paletti
205,henton,No Data,No Data,Henton Brian,1946-09-19,British,http://en.wikipedia.org/wiki/Brian_Henton
206,daly,No Data,No Data,Daly Derek,1953-03-11,Irish,http://en.wikipedia.org/wiki/Derek_Daly
207,mario_andretti,No Data,No Data,Andretti Mario,1940-02-28,American,http://en.wikipedia.org/wiki/Mario_Andretti
208,villota,No Data,No Data,de Villota Emilio,1946-07-26,Spanish,http://en.wikipedia.org/wiki/Emilio_de_Villota
209,lees,No Data,No Data,Lees Geoff,1951-05-01,British,http://en.wikipedia.org/wiki/Geoff_Lees
210,byrne,No Data,No Data,Byrne Tommy,1958-05-06,Irish,http://en.wikipedia.org/wiki/Tommy_Byrne_%28racing_driver%29
211,keegan,No Data,No Data,Keegan Rupert,1955-02-26,British,http://en.wikipedia.org/wiki/Rupert_Keegan
212,rebaque,No Data,No Data,Rebaque Hector,1956-02-05,Mexican,http://en.wikipedia.org/wiki/Hector_Rebaque
213,gabbiani,No Data,No Data,Gabbiani Beppe,1957-01-02,Italian,http://en.wikipedia.org/wiki/Beppe_Gabbiani
214,cogan,No Data,No Data,Cogan Kevin,1956-03-31,American,http://en.wikipedia.org/wiki/Kevin_Cogan
215,guerra,No Data,No Data,Guerra Miguel Ángel,1953-08-31,Argentine,http://en.wikipedia.org/wiki/Miguel_Angel_Guerra
216,stohr,No Data,No Data,Stohr Siegfried,1952-10-10,Italian,http://en.wikipedia.org/wiki/Siegfried_Stohr
217,zunino,No Data,No Data,Zunino Ricardo,1949-04-13,Argentine,http://en.wikipedia.org/wiki/Ricardo_Zunino
218,londono,No Data,No Data,Londoño Ricardo,1949-08-08,Colombian,http://en.wikipedia.org/wiki/Ricardo_Londo%C3%B1o
219,jabouille,No Data,No Data,Jabouille Jean-Pierre,1942-10-01,French,http://en.wikipedia.org/wiki/Jean-Pierre_Jabouille
220,francia,No Data,No Data,Francia Giorgio,1947-11-08,Italian,http://en.wikipedia.org/wiki/Giorgio_Francia
221,depailler,No Data,No Data,Depailler Patrick,1944-08-09,French,http://en.wikipedia.org/wiki/Patrick_Depailler
222,scheckter,No Data,No Data,Scheckter Jody,1950-01-29,South African,http://en.wikipedia.org/wiki/Jody_Scheckter
223,regazzoni,No Data,No Data,Regazzoni Clay,1939-09-05,Swiss,http://en.wikipedia.org/wiki/Clay_Regazzoni
224,emerson_fittipaldi,No Data,No Data,Fittipaldi Emerson,1946-12-12,Brazilian,http://en.wikipedia.org/wiki/Emerson_Fittipaldi
225,kennedy,No Data,No Data,Kennedy Dave,1953-01-15,Irish,http://en.wikipedia.org/wiki/David_Kennedy_(racing_driver)
226,south,No Data,No Data,South Stephen,1952-02-19,British,http://en.wikipedia.org/wiki/Stephen_South
227,needell,No Data,No Data,Needell Tiff,1951-10-29,British,http://en.wikipedia.org/wiki/Tiff_Needell
228,desire_wilson,No Data,No Data,Wilson Desiré,1953-11-26,South African,http://en.wikipedia.org/wiki/Desir%C3%A9_Wilson
229,ertl,No Data,No Data,Ertl Harald,1948-08-31,Austrian,http://en.wikipedia.org/wiki/Harald_Ertl
230,brambilla,No Data,No Data,Brambilla Vittorio,1937-11-11,Italian,http://en.wikipedia.org/wiki/Vittorio_Brambilla
231,hunt,No Data,No Data,Hunt James,1947-08-29,British,http://en.wikipedia.org/wiki/James_Hunt
232,merzario,No Data,No Data,Merzario Arturo,1943-03-11,Italian,http://en.wikipedia.org/wiki/Arturo_Merzario
233,stuck,No Data,No Data,Stuck Hans-Joachim,1951-01-01,German,http://en.wikipedia.org/wiki/Hans_Joachim_Stuck
234,brancatelli,No Data,No Data,Brancatelli Gianfranco,1950-01-18,Italian,http://en.wikipedia.org/wiki/Gianfranco_Brancatelli
235,ickx,No Data,No Data,Ickx Jacky,1945-01-01,Belgian,http://en.wikipedia.org/wiki/Jacky_Ickx
236,gaillard,No Data,No Data,Gaillard Patrick,1952-02-12,French,http://en.wikipedia.org/wiki/Patrick_Gaillard
237,ribeiro,No Data,No Data,Ribeiro Alex,1948-11-07,Brazilian,http://en.wikipedia.org/wiki/Alex_Ribeiro
238,peterson,No Data,No Data,Peterson Ronnie,1944-02-14,Swedish,http://en.wikipedia.org/wiki/Ronnie_Peterson
239,lunger,No Data,No Data,Lunger Brett,1945-11-14,American,http://en.wikipedia.org/wiki/Brett_Lunger
240,ongais,No Data,No Data,Ongais Danny,1942-05-21,American,http://en.wikipedia.org/wiki/Danny_Ongais
241,leoni,No Data,No Data,Leoni Lamberto,1953-05-24,Italian,http://en.wikipedia.org/wiki/Lamberto_Leoni
242,galica,No Data,No Data,Galica Divina,1944-08-13,British,http://en.wikipedia.org/wiki/Divina_Galica
243,stommelen,No Data,No Data,Stommelen Rolf,1943-07-11,German,http://en.wikipedia.org/wiki/Rolf_Stommelen
244,colombo,No Data,No Data,Colombo Alberto,1946-02-23,Italian,http://en.wikipedia.org/wiki/Alberto_Colombo
245,trimmer,No Data,No Data,Trimmer Tony,1943-01-24,British,http://en.wikipedia.org/wiki/Tony_Trimmer
246,binder,No Data,No Data,Binder Hans,1948-06-12,Austrian,http://en.wikipedia.org/wiki/Hans_Binder
247,bleekemolen,No Data,No Data,Bleekemolen Michael,1949-10-02,Dutch,http://en.wikipedia.org/wiki/Michael_Bleekemolen
248,gimax,No Data,No Data,Franchi Carlo,1938-01-01,Italian,http://en.wikipedia.org/wiki/Gimax
249,rahal,No Data,No Data,Rahal Bobby,1953-01-10,American,http://en.wikipedia.org/wiki/Bobby_Rahal
250,pace,No Data,No Data,Pace Carlos,1944-10-06,Brazilian,http://en.wikipedia.org/wiki/Carlos_Pace
251,ian_scheckter,No Data,No Data,Scheckter Ian,1947-08-22,South African,http://en.wikipedia.org/wiki/Ian_Scheckter
252,pryce,No Data,No Data,Pryce Tom,1949-06-11,British,http://en.wikipedia.org/wiki/Tom_Pryce
253,hoffmann,No Data,No Data,Hoffmann Ingo,1953-02-28,Brazilian,http://en.wikipedia.org/wiki/Ingo_Hoffmann
254,zorzi,No Data,No Data,Zorzi Renzo,1946-12-12,Italian,http://en.wikipedia.org/wiki/Renzo_Zorzi
255,nilsson,No Data,No Data,Nilsson Gunnar,1948-11-20,Swedish,http://en.wikipedia.org/wiki/Gunnar_Nilsson
256,perkins,No Data,No Data,Perkins Larry,1950-03-18,Australian,http://en.wikipedia.org/wiki/Larry_Perkins
257,hayje,No Data,No Data,Lunger Boy,1949-05-03,Dutch,http://en.wikipedia.org/wiki/Boy_Hayje
258,neve,No Data,No Data,Nève Patrick,1949-10-13,Belgian,http://en.wikipedia.org/wiki/Patrick_Neve
259,purley,No Data,No Data,Purley David,1945-01-26,British,http://en.wikipedia.org/wiki/David_Purley
260,andersson,No Data,No Data,Andersson Conny,1939-12-28,Swedish,http://en.wikipedia.org/wiki/Conny_Andersson_(racing_driver)
261,dryver,No Data,No Data,de Dryver Bernard,1952-09-19,Belgian,http://en.wikipedia.org/wiki/Bernard_de_Dryver
262,oliver,No Data,No Data,Oliver Jackie,1942-08-14,British,http://en.wikipedia.org/wiki/Jackie_Oliver
263,kozarowitzky,No Data,No Data,Kozarowitzky Mikko,1948-05-17,Finnish,http://en.wikipedia.org/wiki/Mikko_Kozarowitzky
264,sutcliffe,No Data,No Data,Sutcliffe Andy,1947-05-09,British,http://en.wikipedia.org/wiki/Andy_Sutcliffe
265,edwards,No Data,No Data,Edwards Guy,1942-12-30,British,http://en.wikipedia.org/wiki/Guy_Edwards
266,mcguire,No Data,No Data,McGuire Brian,1945-12-13,Australian,http://en.wikipedia.org/wiki/Brian_McGuire
267,schuppan,No Data,No Data,Schuppan Vern,1943-03-19,Australian,http://en.wikipedia.org/wiki/Vern_Schuppan
268,heyer,No Data,No Data,Heyer Hans,1943-03-16,German,http://en.wikipedia.org/wiki/Hans_Heyer
269,pilette,No Data,No Data,Pilette Teddy,1942-07-26,Belgian,http://en.wikipedia.org/wiki/Teddy_Pilette
270,ashley,No Data,No Data,Ashley Ian,1947-10-26,British,http://en.wikipedia.org/wiki/Ian_Ashley
271,kessel,No Data,No Data,Kessel Loris,1950-04-01,Swiss,http://en.wikipedia.org/wiki/Loris_Kessel
272,takahashi,No Data,No Data,Takahashi Kunimitsu,1940-01-29,Japanese,http://en.wikipedia.org/wiki/Kunimitsu_Takahashi
273,hoshino,No Data,No Data,Hoshino Kazuyoshi,1947-07-01,Japanese,http://en.wikipedia.org/wiki/Kazuyoshi_Hoshino
274,takahara,No Data,No Data,Takahara Noritake,1951-06-06,Japanese,http://en.wikipedia.org/wiki/Noritake_Takahara
275,lombardi,No Data,No Data,Lombardi Lella,1941-03-26,Italian,http://en.wikipedia.org/wiki/Lella_Lombardi
276,evans,No Data,No Data,Evans Bob,1947-06-11,British,http://en.wikipedia.org/wiki/Bob_Evans_(race_driver)
277,leclere,No Data,No Data,Leclère Michel,1946-03-18,French,http://en.wikipedia.org/wiki/Michel_Lecl%C3%A8re
278,amon,No Data,No Data,Amon Chris,1943-07-20,New Zealander,http://en.wikipedia.org/wiki/Chris_Amon
279,zapico,No Data,No Data,Zapico Emilio,1944-05-27,Spanish,http://en.wikipedia.org/wiki/Emilio_Zapico
280,pescarolo,No Data,No Data,Pescarolo Henri,1942-09-25,French,http://en.wikipedia.org/wiki/Henri_Pescarolo
281,nelleman,No Data,No Data,Nelleman Jac,1944-04-19,Danish,http://en.wikipedia.org/wiki/Jac_Nelleman
282,magee,No Data,No Data,Magee Damien,1945-11-17,British,http://en.wikipedia.org/wiki/Damien_Magee
283,wilds,No Data,No Data,Wilds Mike,1946-01-07,British,http://en.wikipedia.org/wiki/Mike_Wilds
284,pesenti_rossi,No Data,No Data,Pesenti-Rossi Alessandro,1942-08-31,Italian,http://en.wikipedia.org/wiki/Alessandro_Pesenti-Rossi
285,stuppacher,No Data,No Data,Stuppacher Otto,1947-03-03,Austrian,http://en.wikipedia.org/wiki/Otto_Stuppacher
286,brown,No Data,No Data,Brown Warwick,1949-12-24,Australian,http://en.wikipedia.org/wiki/Warwick_Brown
287,hasemi,No Data,No Data,Hasemi Masahiro,1945-11-13,Japanese,http://en.wikipedia.org/wiki/Masahiro_Hasemi
288,donohue,No Data,No Data,Donohue Mark,1937-03-18,American,http://en.wikipedia.org/wiki/Mark_Donohue
289,hill,No Data,No Data,Hill Graham,1929-02-15,British,http://en.wikipedia.org/wiki/Graham_Hill
290,wilson_fittipaldi,No Data,No Data,Fittipaldi Wilson,1943-12-25,Brazilian,http://en.wikipedia.org/wiki/Wilson_Fittipaldi
291,tunmer,No Data,No Data,Tunmer Guy,1948-12-01,South African,http://en.wikipedia.org/wiki/Guy_Tunmer
292,keizan,No Data,No Data,Keizan Eddie,1944-09-12,South African,http://en.wikipedia.org/wiki/Eddie_Keizan
293,charlton,No Data,No Data,Charlton Dave,1936-10-27,South African,http://en.wikipedia.org/wiki/Dave_Charlton
294,brise,No Data,No Data,Brise Tony,1952-03-28,British,http://en.wikipedia.org/wiki/Tony_Brise
295,wunderink,No Data,No Data,Wunderink Roelof,1948-12-12,Dutch,http://en.wikipedia.org/wiki/Roelof_Wunderink
296,migault,No Data,No Data,Migault François,1944-12-04,French,http://en.wikipedia.org/wiki/Fran%C3%A7ois_Migault
297,palm,No Data,No Data,Palm Torsten,1947-07-23,Swedish,http://en.wikipedia.org/wiki/Torsten_Palm
298,lennep,No Data,No Data,van Lennep Gijs,1942-03-16,Dutch,http://en.wikipedia.org/wiki/Gijs_Van_Lennep
299,fushida,No Data,No Data,Fushida Hiroshi,1946-03-10,Japanese,http://en.wikipedia.org/wiki/Hiroshi_Fushida
300,nicholson,No Data,No Data,Nicholson John,1941-10-06,New Zealander,http://en.wikipedia.org/wiki/John_Nicholson_(racing_driver)
301,morgan,No Data,No Data,Morgan Dave,1944-08-07,British,http://en.wikipedia.org/wiki/Dave_Morgan_(racing_driver)
302,crawford,No Data,No Data,Crawford Jim,1948-02-13,British,http://en.wikipedia.org/wiki/Jim_Crawford_(driver)
303,vonlanthen,No Data,No Data,Vonlanthen Jo,1942-05-31,Swiss,http://en.wikipedia.org/wiki/Jo_Vonlanthen
304,hulme,No Data,No Data,Hulme Denny,1936-06-18,New Zealander,http://en.wikipedia.org/wiki/Denny_Hulme
305,hailwood,No Data,No Data,Hailwood Mike,1940-04-02,British,http://en.wikipedia.org/wiki/Mike_Hailwood
306,beltoise,No Data,No Data,Beltoise Jean-Pierre,1937-04-26,French,http://en.wikipedia.org/wiki/Jean-Pierre_Beltoise
307,ganley,No Data,No Data,Ganley Howden,1941-12-24,New Zealander,http://en.wikipedia.org/wiki/Howden_Ganley
308,robarts,No Data,No Data,Robarts Richard,1944-09-22,British,http://en.wikipedia.org/wiki/Richard_Robarts
309,revson,No Data,No Data,Revson Peter,1939-02-27,American,http://en.wikipedia.org/wiki/Peter_Revson
310,driver,No Data,No Data,Driver Paddy,1934-05-13,South African,http://en.wikipedia.org/wiki/Paddy_Driver
311,belso,No Data,No Data,Belsø Tom,1942-08-27,Danish,http://en.wikipedia.org/wiki/Tom_Bels%C3%B8
312,redman,No Data,No Data,Redman Brian,1937-03-09,British,http://en.wikipedia.org/wiki/Brian_Redman
313,opel,No Data,No Data,von Opel Rikky,1947-10-14,Liechtensteiner,http://en.wikipedia.org/wiki/Rikky_von_Opel
314,schenken,No Data,No Data,Schenken Tim,1943-09-26,Australian,http://en.wikipedia.org/wiki/Tim_Schenken
315,larrousse,No Data,No Data,Larrousse Gérard,1940-05-23,French,http://en.wikipedia.org/wiki/G%C3%A9rard_Larrousse
316,kinnunen,No Data,No Data,Kinnunen Leo,1943-08-05,Finnish,http://en.wikipedia.org/wiki/Leo_Kinnunen
317,wisell,No Data,No Data,Wisell Reine,1941-09-30,Swedish,http://en.wikipedia.org/wiki/Reine_Wisell
318,roos,No Data,No Data,Roos Bertil,1943-10-12,Swedish,http://en.wikipedia.org/wiki/Bertil_Roos
319,dolhem,No Data,No Data,Dolhem José,1944-04-26,French,http://en.wikipedia.org/wiki/Jos%C3%A9_Dolhem
320,gethin,No Data,No Data,Gethin Peter,1940-02-21,British,http://en.wikipedia.org/wiki/Peter_Gethin
321,bell,No Data,No Data,Bell Derek,1941-10-31,British,http://en.wikipedia.org/wiki/Derek_Bell_(auto_racer)
322,hobbs,No Data,No Data,Hobbs David,1939-06-09,British,http://en.wikipedia.org/wiki/David_Hobbs_(racing_driver)
323,quester,No Data,No Data,Quester Dieter,1939-05-30,Austrian,http://en.wikipedia.org/wiki/Dieter_Quester
324,koinigg,No Data,No Data,Koinigg Helmuth,1948-11-03,Austrian,http://en.wikipedia.org/wiki/Helmuth_Koinigg
325,facetti,No Data,No Data,Facetti Carlo,1935-06-26,Italian,http://en.wikipedia.org/wiki/Carlo_Facetti
326,wietzes,No Data,No Data,Wietzes Eppie,1938-05-28,Canadian,http://en.wikipedia.org/wiki/Eppie_Wietzes
327,cevert,No Data,No Data,Cevert François,1944-02-25,French,http://en.wikipedia.org/wiki/Fran%C3%A7ois_Cevert
328,stewart,No Data,No Data,Stewart Jackie,1939-06-11,British,http://en.wikipedia.org/wiki/Jackie_Stewart
329,beuttler,No Data,No Data,Beuttler Mike,1940-04-13,British,http://en.wikipedia.org/wiki/Mike_Beuttler
330,galli,No Data,No Data,Galli Nanni,1940-10-02,Italian,http://en.wikipedia.org/wiki/Nanni_Galli
331,bueno,No Data,No Data,Bueno Luiz,1937-01-16,Brazilian,http://en.wikipedia.org/wiki/Luiz_Bueno
332,follmer,No Data,No Data,Follmer George,1934-01-27,American,http://en.wikipedia.org/wiki/George_Follmer
333,adamich,No Data,No Data,de Adamich Andrea,1941-10-03,Italian,http://en.wikipedia.org/wiki/Andrea_de_Adamich
334,pretorius,No Data,No Data,Pretorius Jackie,1934-11-22,South African,http://en.wikipedia.org/wiki/Jackie_Pretorius
335,williamson,No Data,No Data,Williamson Roger,1948-02-02,British,http://en.wikipedia.org/wiki/Roger_Williamson
336,mcrae,No Data,No Data,McRae Graham,1940-03-05,New Zealander,http://en.wikipedia.org/wiki/Graham_McRae
337,marko,No Data,No Data,Marko Helmut,1943-04-27,Austrian,http://en.wikipedia.org/wiki/Helmut_Marko
338,walker,No Data,No Data,Walker David,1941-06-10,Australian,http://en.wikipedia.org/wiki/David_Walker_(racing_driver)
339,roig,No Data,No Data,Soler-Roig Alex,1932-10-29,Spanish,http://en.wikipedia.org/wiki/Alex_Soler-Roig
340,love,No Data,No Data,Love John,1924-12-07,Rhodesian,http://en.wikipedia.org/wiki/John_Love_(racing_driver)
341,surtees,No Data,No Data,Surtees John,1934-02-11,British,http://en.wikipedia.org/wiki/John_Surtees
342,barber,No Data,No Data,Barber Skip,1936-11-16,American,http://en.wikipedia.org/wiki/Skip_Barber
343,brack,No Data,No Data,Brack Bill,1935-12-26,Canadian,http://en.wikipedia.org/wiki/Bill_Brack
344,posey,No Data,No Data,Posey Sam,1944-05-26,American,http://en.wikipedia.org/wiki/Sam_Posey
345,rodriguez,No Data,No Data,Rodríguez Pedro,1940-01-18,Mexican,http://en.wikipedia.org/wiki/Pedro_Rodr%C3%ADguez_(racing_driver)
346,siffert,No Data,No Data,Siffert Jo,1936-07-07,Swiss,http://en.wikipedia.org/wiki/Jo_Siffert
347,bonnier,No Data,No Data,Bonnier Jo,1930-01-31,Swedish,http://en.wikipedia.org/wiki/Joakim_Bonnier
348,mazet,No Data,No Data,Mazet François,1943-02-24,French,http://en.wikipedia.org/wiki/Fran%C3%A7ois_Mazet
349,jean,No Data,No Data,Jean Max,1943-07-27,French,http://en.wikipedia.org/wiki/Max_Jean
350,elford,No Data,No Data,Elford Vic,1935-06-10,British,http://en.wikipedia.org/wiki/Vic_Elford
351,moser,No Data,No Data,Moser Silvio,1941-04-24,Swiss,http://en.wikipedia.org/wiki/Silvio_Moser
352,eaton,No Data,No Data,Eaton George,1945-11-12,Canadian,http://en.wikipedia.org/wiki/George_Eaton
353,lovely,No Data,No Data,Lovely Pete,1926-04-11,American,http://en.wikipedia.org/wiki/Pete_Lovely
354,craft,No Data,No Data,Craft Chris,1939-11-17,British,http://en.wikipedia.org/wiki/Chris_Craft_(racing_driver)
355,Cannoc,No Data,No Data,Cannon John,1933-06-21,Canadian,http://en.wikipedia.org/wiki/John_Cannon_(auto_racer)
356,jack_brabham,No Data,No Data,Brabham Jack,1926-04-02,Australian,http://en.wikipedia.org/wiki/Jack_Brabham
357,miles,No Data,No Data,Miles John,1943-06-14,British,http://en.wikipedia.org/wiki/John_Miles_(auto_racer)
358,rindt,No Data,No Data,Rindt Jochen,1942-04-18,Austrian,http://en.wikipedia.org/wiki/Jochen_Rindt
359,gavin,No Data,No Data,Servoz-Gavin Johnny,1942-01-18,French,http://en.wikipedia.org/wiki/Johnny_Servoz-Gavin
360,mclaren,No Data,No Data,McLaren Bruce,1937-08-30,New Zealander,http://en.wikipedia.org/wiki/Bruce_McLaren
361,courage,No Data,No Data,Courage Piers,1942-05-27,British,http://en.wikipedia.org/wiki/Piers_Courage
362,klerk,No Data,No Data,de Klerk Peter,1935-03-16,South African,http://en.wikipedia.org/wiki/Peter_de_Klerk
363,giunti,No Data,No Data,Giunti Ignazio,1941-08-30,Italian,http://en.wikipedia.org/wiki/Ignazio_Giunti
364,gurney,No Data,No Data,Gurney Dan,1931-04-13,American,http://en.wikipedia.org/wiki/Dan_Gurney
365,hahne,No Data,No Data,Hahne Hubert,1935-03-28,German,http://en.wikipedia.org/wiki/Hubert_Hahne
366,hutchison,No Data,No Data,Hutchison Gus,1937-04-26,American,http://en.wikipedia.org/wiki/Gus_Hutchison
367,westbury,No Data,No Data,Westbury Peter,1938-05-26,British,http://en.wikipedia.org/wiki/Peter_Westbury
368,tingle,No Data,No Data,Tingle Sam,1921-08-24,Rhodesian,http://en.wikipedia.org/wiki/Sam_Tingle
369,rooyen,No Data,No Data,van Rooyen Basil,1939-04-19,South African,http://en.wikipedia.org/wiki/Basil_van_Rooyen
370,attwood,No Data,No Data,Attwood Richard,1940-04-04,British,http://en.wikipedia.org/wiki/Richard_Attwood
371,pease,No Data,No Data,Pease Al,1921-10-15,Canadian,http://en.wikipedia.org/wiki/Al_Pease
372,cordts,No Data,No Data,Cordts John,1935-07-23,Canadian,http://en.wikipedia.org/wiki/John_Cordts
373,clark,No Data,No Data,Clark Jim,1936-03-04,British,http://en.wikipedia.org/wiki/Jim_Clark
374,spence,No Data,No Data,Spence Mike,1936-12-30,British,http://en.wikipedia.org/wiki/Mike_Spence
375,scarfiotti,No Data,No Data,Scarfiotti Ludovico,1933-10-18,Italian,http://en.wikipedia.org/wiki/Ludovico_Scarfiotti
376,bianchi,No Data,BIA,Bianchi Lucien,1934-11-10,Belgian,http://en.wikipedia.org/wiki/Lucien_Bianchi
377,jo_schlesser,No Data,No Data,Schlesser Jo,1928-05-18,French,http://en.wikipedia.org/wiki/Jo_Schlesser
378,widdows,No Data,No Data,Widdows Robin,1942-05-27,British,http://en.wikipedia.org/wiki/Robin_Widdows
379,ahrens,No Data,No Data,Ahrens Kurt,1940-04-19,German,"http://en.wikipedia.org/wiki/Kurt_Ahrens,_Jr."
380,gardner,No Data,No Data,Gardner Frank,1930-10-01,Australian,http://en.wikipedia.org/wiki/Frank_Gardner_(driver)
381,unser,No Data,No Data,Unser Bobby,1934-02-20,American,http://en.wikipedia.org/wiki/Bobby_Unser
382,solana,No Data,No Data,Solana Moisés,1935-12-26,Mexican,http://en.wikipedia.org/wiki/Mois%C3%A9s_Solana
383,anderson,No Data,No Data,Anderson Bob,1931-05-19,British,http://en.wikipedia.org/wiki/Bob_Anderson_(racing_driver)
384,botha,No Data,No Data,Botha Luki,1930-01-16,South African,http://en.wikipedia.org/wiki/Luki_Botha
385,bandini,No Data,No Data,Bandini Lorenzo,1935-12-21,Italian,http://en.wikipedia.org/wiki/Lorenzo_Bandini
386,ginther,No Data,No Data,Ginther Richie,1930-08-05,American,http://en.wikipedia.org/wiki/Richie_Ginther
387,parkes,No Data,No Data,Parkes Mike,1931-09-24,British,http://en.wikipedia.org/wiki/Mike_Parkes
388,irwin,No Data,No Data,Irwin Chris,1942-06-27,British,http://en.wikipedia.org/wiki/Chris_Irwin
389,ligier,No Data,No Data,Ligier Guy,1930-07-12,French,http://en.wikipedia.org/wiki/Guy_Ligier
390,rees,No Data,No Data,Rees Alan,1938-01-12,British,http://en.wikipedia.org/wiki/Alan_Rees_(racing_driver)
391,hart,No Data,No Data,Hart Brian,1936-09-07,British,http://en.wikipedia.org/wiki/Brian_Hart
392,fisher,No Data,No Data,Fisher Mike,1943-03-13,American,http://en.wikipedia.org/wiki/Mike_Fisher_(driver)
393,tom_jones,No Data,No Data,Jones Tom,1943-04-26,American,http://en.wikipedia.org/wiki/Tom_Jones_(auto_racer)
394,baghetti,No Data,No Data,Baghetti Giancarlo,1934-12-25,Italian,http://en.wikipedia.org/wiki/Giancarlo_Baghetti
395,williams,No Data,No Data,Williams Jonathan,1942-10-26,British,http://en.wikipedia.org/wiki/Jonathan_Williams_(racing_driver)
396,bondurant,No Data,No Data,Bondurant Bob,1933-04-27,American,http://en.wikipedia.org/wiki/Bob_Bondurant
397,arundell,No Data,No Data,Arundell Peter,1933-11-08,British,http://en.wikipedia.org/wiki/Peter_Arundell
398,vic_wilson,No Data,No Data,Wilson Vic,1931-04-14,British,http://en.wikipedia.org/wiki/Vic_Wilson_(motor_racing_driver)
399,taylor,No Data,No Data,Taylor John,1933-03-23,British,http://en.wikipedia.org/wiki/John_Taylor_(racer)
400,lawrence,No Data,No Data,Lawrence Chris,1933-07-27,British,http://en.wikipedia.org/wiki/Chris_Lawrence_(racing_driver)
401,trevor_taylor,No Data,No Data,Taylor Trevor,1936-12-26,British,http://en.wikipedia.org/wiki/Trevor_Taylor
402,geki,No Data,No Data,Russo Giacomo,1937-10-23,Italian,http://en.wikipedia.org/wiki/Geki_(driver)
403,phil_hill,No Data,No Data,Hill Phil,1927-04-20,American,http://en.wikipedia.org/wiki/Phil_Hill
404,ireland,No Data,No Data,Ireland Innes,1930-06-12,British,http://en.wikipedia.org/wiki/Innes_Ireland
405,bucknum,No Data,No Data,Bucknum Ronnie,1936-04-05,American,http://en.wikipedia.org/wiki/Ronnie_Bucknum
406,hawkins,No Data,No Data,Hawkins Paul,1937-10-12,Australian,http://en.wikipedia.org/wiki/Paul_Hawkins_(racing_driver)
407,prophet,No Data,No Data,Prophet David,1937-10-09,British,http://en.wikipedia.org/wiki/David_Prophet
408,maggs,No Data,No Data,Maggs Tony,1937-02-09,South African,http://en.wikipedia.org/wiki/Tony_Maggs
409,blokdyk,No Data,No Data,Blokdyk Trevor,1935-11-30,South African,http://en.wikipedia.org/wiki/Trevor_Blokdyk
410,lederle,No Data,No Data,Lederle Neville,1938-09-25,South African,http://en.wikipedia.org/wiki/Neville_Lederle
411,serrurier,No Data,No Data,Serrurier Doug,1920-12-09,South African,http://en.wikipedia.org/wiki/Doug_Serrurier
412,niemann,No Data,No Data,Niemann Brausch,1939-01-07,South African,http://en.wikipedia.org/wiki/Brausch_Niemann
413,pieterse,No Data,No Data,Pieterse Ernie,1938-07-04,South African,http://en.wikipedia.org/wiki/Ernie_Pieterse
414,puzey,No Data,No Data,Puzey Clive,1941-07-11,Rhodesian,http://en.wikipedia.org/wiki/Clive_Puzey
415,reed,No Data,No Data,Reed Ray,1932-04-30,South African,http://en.wikipedia.org/wiki/Ray_Reed
416,clapham,No Data,No Data,Clapham David,1931-05-18,South African,http://en.wikipedia.org/wiki/David_Clapham
417,blignaut,No Data,No Data,Blignaut Alex,1932-11-30,South African,http://en.wikipedia.org/wiki/Alex_Blignaut
418,gregory,No Data,No Data,Gregory Masten,1932-02-29,American,http://en.wikipedia.org/wiki/Masten_Gregory
419,rhodes,No Data,No Data,Rhodes John,1927-08-18,British,http://en.wikipedia.org/wiki/John_Rhodes_(driver)
420,raby,No Data,No Data,Raby Ian,1921-09-22,British,http://en.wikipedia.org/wiki/Ian_Raby
421,rollinson,No Data,No Data,Rollinson Alan,1943-05-15,British,http://en.wikipedia.org/wiki/Alan_Rollinson
422,gubby,No Data,No Data,Gubby Brian,1934-04-17,British,http://en.wikipedia.org/wiki/Brian_Gubby
423,mitter,No Data,No Data,Mitter Gerhard,1935-08-30,German,http://en.wikipedia.org/wiki/Gerhard_Mitter
424,bussinello,No Data,No Data,Bussinello Roberto,1927-10-04,Italian,http://en.wikipedia.org/wiki/Roberto_Bussinello
425,vaccarella,No Data,No Data,Vaccarella Nino,1933-03-04,Italian,http://en.wikipedia.org/wiki/Nino_Vaccarella
426,bassi,No Data,No Data,Bassi Giorgio,1934-01-20,Italian,http://en.wikipedia.org/wiki/Giorgio_Bassi
427,trintignant,No Data,No Data,Trintignant Maurice,1917-10-30,French,http://en.wikipedia.org/wiki/Maurice_Trintignant
428,collomb,No Data,No Data,Collomb Bernard,1930-10-07,French,http://en.wikipedia.org/wiki/Bernard_Collomb
429,andre_pilette,No Data,No Data,Pilette André,1918-10-06,Belgian,http://en.wikipedia.org/wiki/Andr%C3%A9_Pilette
430,beaufort,No Data,No Data,de Beaufort Carel Godin,1934-04-10,Dutch,http://en.wikipedia.org/wiki/Carel_Godin_de_Beaufort
431,barth,No Data,No Data,Barth Edgar,1917-01-26,German,http://en.wikipedia.org/wiki/Edgar_Barth
432,cabral,No Data,No Data,Cabral Mário de Araújo,1934-01-15,Portuguese,http://en.wikipedia.org/wiki/Mario_de_Araujo_Cabral
433,hansgen,No Data,No Data,Hansgen Walt,1919-10-28,American,http://en.wikipedia.org/wiki/Walt_Hansgen
434,sharp,No Data,No Data,Sharp Hap,1928-01-01,American,http://en.wikipedia.org/wiki/Hap_Sharp
435,mairesse,No Data,No Data,Mairesse Willy,1928-10-01,Belgian,http://en.wikipedia.org/wiki/Willy_Mairesse
436,campbell-jones,No Data,No Data,Campbell-Jones John,1930-01-21,British,http://en.wikipedia.org/wiki/John_Campbell-Jones
437,burgess,No Data,No Data,Burgess Ian,1930-07-06,British,http://en.wikipedia.org/wiki/Ian_Burgess
438,settember,No Data,No Data,Settember Tony,1926-07-10,American,http://en.wikipedia.org/wiki/Tony_Settember
439,estefano,No Data,No Data,Estéfano Nasif,1932-11-18,Argentine,http://en.wikipedia.org/wiki/Nasif_Est%C3%A9fano
440,hall,No Data,No Data,Hall Jim,1935-07-23,American,http://en.wikipedia.org/wiki/Jim_Hall_(race_car_driver)
441,parnell,No Data,No Data,Parnell Tim,1932-06-25,British,http://en.wikipedia.org/wiki/Tim_Parnell
442,kuhnke,No Data,No Data,Kuhnke Kurt,1910-04-30,German,http://en.wikipedia.org/wiki/Kurt_Kuhnke
443,ernesto_brambilla,No Data,No Data,Brambilla Ernesto,1934-01-31,Italian,http://en.wikipedia.org/wiki/Ernesto_Brambilla
444,lippi,No Data,No Data,Lippi Roberto,1926-10-17,Italian,http://en.wikipedia.org/wiki/Roberto_Lippi
445,seiffert,No Data,No Data,Seiffert Günther,1937-10-18,German,http://en.wikipedia.org/wiki/G%C3%BCnther_Seiffert
446,abate,No Data,No Data,Abate Carlo,1932-07-10,Italian,http://en.wikipedia.org/wiki/Carlo_Mario_Abate
447,starrabba,No Data,No Data,Starrabba Gaetano,1932-12-03,Italian,http://en.wikipedia.org/wiki/Gaetano_Starrabba
448,broeker,No Data,No Data,Broeker Peter,1926-05-15,Canadian,http://en.wikipedia.org/wiki/Peter_Broeker
449,ward,No Data,No Data,Ward Rodger,1921-01-10,American,http://en.wikipedia.org/wiki/Rodger_Ward
450,vos,No Data,No Data,de Vos Ernie,1941-07-01,Dutch,http://en.wikipedia.org/wiki/Ernie_de_Vos
451,dochnal,No Data,No Data,Dochnal Frank,1920-10-08,American,http://en.wikipedia.org/wiki/Frank_Dochnal
452,monarch,No Data,No Data,Monarch Thomas,1945-09-03,American,http://en.wikipedia.org/wiki/Talk:1963_Mexican_Grand_Prix#Who_was_Thomas_Monarch.3F
842,gasly,10,GAS,Gasly Pierre,1996-02-07,French,http://en.wikipedia.org/wiki/Pierre_Gasly
453,lewis,No Data,No Data,Lewis Jackie,1936-11-01,British,http://en.wikipedia.org/wiki/Jackie_Lewis
454,ricardo_rodriguez,No Data,No Data,Rodríguez Ricardo,1942-02-14,Mexican,http://en.wikipedia.org/wiki/Ricardo_Rodr%C3%ADguez_(Formula_One)
455,seidel,No Data,No Data,Seidel Wolfgang,1926-07-04,German,http://en.wikipedia.org/wiki/Wolfgang_Seidel
456,salvadori,No Data,No Data,Salvadori Roy,1922-05-12,British,http://en.wikipedia.org/wiki/Roy_Salvadori
457,pon,No Data,No Data,Pon Ben,1936-12-09,Dutch,http://en.wikipedia.org/wiki/Ben_Pon
458,slotemaker,No Data,No Data,Slotemaker Rob,1929-06-13,Dutch,http://en.wikipedia.org/wiki/Rob_Slotemaker
459,marsh,No Data,No Data,Marsh Tony,1931-07-20,British,http://en.wikipedia.org/wiki/Tony_Marsh_(racing_driver)
460,ashmore,No Data,No Data,Ashmore Gerry,1936-07-25,British,http://en.wikipedia.org/wiki/Gerry_Ashmore
461,schiller,No Data,No Data,Schiller Heinz,1930-01-25,Swiss,http://en.wikipedia.org/wiki/Heinz_Schiller
462,davis,No Data,No Data,Davis Colin,1933-07-29,British,http://en.wikipedia.org/wiki/Colin_Davis_(driver)
463,chamberlain,No Data,No Data,Chamberlain Jay,1925-12-29,American,http://en.wikipedia.org/wiki/Jay_Chamberlain
464,shelly,No Data,No Data,Shelly Tony,1937-02-02,New Zealander,http://en.wikipedia.org/wiki/Tony_Shelly
465,greene,No Data,No Data,Greene Keith,1938-01-05,British,http://en.wikipedia.org/wiki/Keith_Greene
466,walter,No Data,No Data,Walter Heini,1927-07-28,Swiss,http://en.wikipedia.org/wiki/Heini_Walter
467,prinoth,No Data,No Data,Prinoth Ernesto,1923-04-15,Italian,http://en.wikipedia.org/wiki/Ernesto_Prinoth
468,penske,No Data,No Data,Penske Roger,1937-02-20,American,http://en.wikipedia.org/wiki/Roger_Penske
469,schroeder,No Data,No Data,Schroeder Rob,1926-05-11,British,http://en.wikipedia.org/wiki/Rob_Schroeder
470,mayer,No Data,No Data,Mayer Timmy,1938-02-22,American,http://en.wikipedia.org/wiki/Timmy_Mayer
471,johnstone,No Data,No Data,Johnstone Bruce,1937-01-30,South African,http://en.wikipedia.org/wiki/Bruce_Johnstone_(racing_driver)
472,harris,No Data,No Data,Harris Mike,1939-05-25,South African,http://en.wikipedia.org/wiki/Mike_Harris_(race_car_driver)
473,hocking,No Data,No Data,Hocking Gary,1937-09-30,Rhodesian,http://en.wikipedia.org/wiki/Gary_Hocking
474,vyver,No Data,No Data,van der Vyver Syd,1920-06-01,South African,http://en.wikipedia.org/wiki/Syd_van_der_Vyver
475,moss,No Data,No Data,Moss Stirling,1929-09-17,British,http://en.wikipedia.org/wiki/Stirling_Moss
476,trips,No Data,No Data,von Trips Wolfgang,1928-05-04,German,http://en.wikipedia.org/wiki/Wolfgang_Graf_Berghe_von_Trips
477,allison,No Data,No Data,Allison Cliff,1932-02-08,British,http://en.wikipedia.org/wiki/Cliff_Allison
478,herrmann,No Data,No Data,Herrmann Hans,1928-02-23,German,http://en.wikipedia.org/wiki/Hans_Herrmann
479,brooks,No Data,No Data,Brooks Tony,1932-02-25,British,http://en.wikipedia.org/wiki/Tony_Brooks
480,may,No Data,No Data,May Michael,1934-08-18,Swiss,http://en.wikipedia.org/wiki/Michael_May_(racing_driver)
481,henry_taylor,No Data,No Data,Taylor Henry,1932-12-16,British,http://en.wikipedia.org/wiki/Henry_Taylor_(racing_driver)
482,gendebien,No Data,No Data,Gendebien Olivier,1924-01-12,Belgian,http://en.wikipedia.org/wiki/Olivier_Gendebien
483,scarlatti,No Data,No Data,Scarlatti Giorgio,1921-10-02,Italian,http://en.wikipedia.org/wiki/Giorgio_Scarlatti
484,naylor,No Data,No Data,Naylor Brian,1923-03-24,British,http://en.wikipedia.org/wiki/Brian_Naylor
485,bordeu,No Data,No Data,Bordeu Juan Manuel,1934-01-28,Argentine,http://en.wikipedia.org/wiki/Juan_Manuel_Bordeu
486,fairman,No Data,No Data,Fairman Jack,1913-03-15,British,http://en.wikipedia.org/wiki/Jack_Fairman
487,natili,No Data,No Data,Natili Massimo,1935-07-28,Italian,http://en.wikipedia.org/wiki/Massimo_Natili
488,monteverdi,No Data,No Data,Monteverdi Peter,1934-06-07,Swiss,http://en.wikipedia.org/wiki/Peter_Monteverdi
489,pirocchi,No Data,No Data,Pirocchi Renato,1933-03-26,Italian,http://en.wikipedia.org/wiki/Renato_Pirocchi
490,duke,No Data,No Data,Duke Geoff,1923-03-29,British,http://en.wikipedia.org/wiki/Geoff_Duke
491,thiele,No Data,No Data,Thiele Alfonso,1920-04-05,American-Italian,http://en.wikipedia.org/wiki/Alfonso_Thiele
492,boffa,No Data,No Data,Boffa Menato,1930-01-04,Italian,http://en.wikipedia.org/wiki/Menato_Boffa
493,ryan,No Data,No Data,Ryan Peter,1940-06-10,Canadian,http://en.wikipedia.org/wiki/Peter_Ryan_(driver)
494,ruby,No Data,No Data,Ruby Lloyd,1928-01-12,American,http://en.wikipedia.org/wiki/Lloyd_Ruby
495,ken_miles,No Data,No Data,Miles Ken,1918-11-01,British,http://en.wikipedia.org/wiki/Ken_Miles
496,menditeguy,No Data,No Data,Menditeguy Carlos,1914-08-10,Argentine,http://en.wikipedia.org/wiki/Carlos_Menditeguy
497,larreta,No Data,No Data,Larreta Alberto Rodriguez,1934-01-14,Argentine,http://en.wikipedia.org/wiki/Alberto_Rodriguez_Larreta
498,gonzalez,No Data,No Data,González José Froilán,1922-10-05,Argentine,http://en.wikipedia.org/wiki/Jos%C3%A9_Froil%C3%A1n_Gonz%C3%A1lez
499,bonomi,No Data,No Data,Bonomi Roberto,1919-09-30,Argentine,http://en.wikipedia.org/wiki/Roberto_Bonomi
500,munaron,No Data,No Data,Munaron Gino,1928-04-02,Italian,http://en.wikipedia.org/wiki/Gino_Munaron
501,schell,No Data,No Data,Schell Harry,1921-06-29,American,http://en.wikipedia.org/wiki/Harry_Schell
502,stacey,No Data,No Data,Stacey Alan,1933-08-29,British,http://en.wikipedia.org/wiki/Alan_Stacey
503,chimeri,No Data,No Data,Chimeri Ettore,1921-06-04,Venezuelan,http://en.wikipedia.org/wiki/Ettore_Chimeri
504,creus,No Data,No Data,Creus Antonio,1924-10-28,Spanish,http://en.wikipedia.org/wiki/Antonio_Creus
505,bristow,No Data,No Data,Bristow Chris,1937-12-02,British,http://en.wikipedia.org/wiki/Chris_Bristow
506,halford,No Data,No Data,Halford Bruce,1931-05-18,British,http://en.wikipedia.org/wiki/Bruce_Halford
507,daigh,No Data,No Data,Daigh Chuck,1923-11-29,American,http://en.wikipedia.org/wiki/Chuck_Daigh
508,reventlow,No Data,No Data,Reventlow Lance,1936-02-24,American,http://en.wikipedia.org/wiki/Lance_Reventlow
509,rathmann,No Data,No Data,Rathmann Jim,1928-07-16,American,http://en.wikipedia.org/wiki/Jim_Rathmann
510,goldsmith,No Data,No Data,Goldsmith Paul,1925-10-02,American,http://en.wikipedia.org/wiki/Paul_Goldsmith
511,branson,No Data,No Data,Branson Don,1920-06-02,American,http://en.wikipedia.org/wiki/Don_Branson
512,thomson,No Data,No Data,Thomson Johnny,1922-04-09,American,http://en.wikipedia.org/wiki/Johnny_Thomson
513,johnson,No Data,No Data,Johnson Eddie,1919-02-10,American,http://en.wikipedia.org/wiki/Eddie_Johnson_(auto_racer)
514,veith,No Data,No Data,Veith Bob,1926-11-01,American,http://en.wikipedia.org/wiki/Bob_Veith
515,tingelstad,No Data,No Data,Tingelstad Bud,1928-04-04,American,http://en.wikipedia.org/wiki/Bud_Tingelstad
516,christie,No Data,No Data,Christie Bob,1924-04-04,American,http://en.wikipedia.org/wiki/Bob_Christie_(racing_driver)
517,amick,No Data,No Data,Amick Red,1929-01-19,American,http://en.wikipedia.org/wiki/Red_Amick
518,darter,No Data,No Data,Carter Duane,1913-05-05,American,http://en.wikipedia.org/wiki/Duane_Carter
519,homeier,No Data,No Data,Homeier Bill,1918-08-31,American,http://en.wikipedia.org/wiki/Bill_Homeier
520,hartley,No Data,No Data,Hartley Gene,1926-01-28,American,http://en.wikipedia.org/wiki/Gene_Hartley
521,stevenson,No Data,No Data,Stevenson Chuck,1919-10-15,American,http://en.wikipedia.org/wiki/Chuck_Stevenson
522,grim,No Data,No Data,Grim Bobby,1924-09-04,American,http://en.wikipedia.org/wiki/Bobby_Grim
523,templeman,No Data,No Data,Templeman Shorty,1919-08-12,American,http://en.wikipedia.org/wiki/Shorty_Templeman
524,hurtubise,No Data,No Data,Hurtubise Jim,1932-12-05,American,http://en.wikipedia.org/wiki/Jim_Hurtubise
525,bryan,No Data,No Data,Bryan Jimmy,1926-01-28,American,http://en.wikipedia.org/wiki/Jimmy_Bryan
526,ruttman,No Data,No Data,Ruttman Troy,1930-03-11,American,http://en.wikipedia.org/wiki/Troy_Ruttman
527,sachs,No Data,No Data,Sachs Eddie,1927-05-28,American,http://en.wikipedia.org/wiki/Eddie_Sachs
528,freeland,No Data,No Data,Freeland Don,1925-03-25,American,http://en.wikipedia.org/wiki/Don_Freeland
529,bettenhausen,No Data,No Data,Bettenhausen Tony,1916-09-12,American,http://en.wikipedia.org/wiki/Tony_Bettenhausen
530,weiler,No Data,No Data,Weiler Wayne,1934-12-09,American,http://en.wikipedia.org/wiki/Wayne_Weiler
531,foyt,No Data,No Data,Foyt Anthony,1935-01-16,American,http://en.wikipedia.org/wiki/A.J._Foyt
532,russo,No Data,No Data,Russo Eddie,1925-11-19,American,http://en.wikipedia.org/wiki/Eddie_Russo
533,boyd,No Data,No Data,Boyd Johnny,1926-08-19,American,http://en.wikipedia.org/wiki/Johnny_Boyd
534,force,No Data,No Data,Force Gene,1916-06-15,American,http://en.wikipedia.org/wiki/Gene_Force
535,mcwithey,No Data,No Data,McWithey Jim,1927-07-04,American,http://en.wikipedia.org/wiki/Jim_McWithey
536,sutton,No Data,No Data,Sutton Len,1925-08-09,American,http://en.wikipedia.org/wiki/Len_Sutton
537,dick_rathmann,No Data,No Data,Rathmann Dick,1924-01-06,American,http://en.wikipedia.org/wiki/Dick_Rathmann
538,herman,No Data,No Data,Herman Al,1927-03-15,American,http://en.wikipedia.org/wiki/Al_Herman
539,dempsey_wilson,No Data,No Data,Wilson Dempsey,1927-03-11,American,http://en.wikipedia.org/wiki/Dempsey_Wilson
540,mike_taylor,No Data,No Data,Taylor Mike,1934-04-24,British,http://en.wikipedia.org/wiki/Mike_Taylor_(driver)
541,flockhart,No Data,No Data,Flockhart Ron,1923-06-16,British,http://en.wikipedia.org/wiki/Ron_Flockhart_(auto_racing)
542,piper,No Data,No Data,Piper David,1930-12-02,British,http://en.wikipedia.org/wiki/David_Piper
543,cabianca,No Data,No Data,Cabianca Giulio,1923-02-19,Italian,http://en.wikipedia.org/wiki/Giulio_Cabianca
544,drogo,No Data,No Data,Drogo Piero,1926-08-08,Italian,http://en.wikipedia.org/wiki/Piero_Drogo
545,gamble,No Data,No Data,Gamble Fred,1932-03-17,American,http://en.wikipedia.org/wiki/Fred_Gamble_(racing_driver)
546,owen,No Data,No Data,Owen Arthur,1915-03-23,British,http://en.wikipedia.org/wiki/Arthur_Owen
547,gould,No Data,No Data,Gould Horace,1918-09-20,British,http://en.wikipedia.org/wiki/Horace_Gould
548,drake,No Data,No Data,Drake Bob,1919-12-14,American,http://en.wikipedia.org/wiki/Bob_Drake_(Formula_One)
549,bueb,No Data,No Data,Bueb Ivor,1923-06-06,British,http://en.wikipedia.org/wiki/Ivor_Bueb
550,Changy,No Data,No Data,de Changy Alain,1922-02-05,Belgian,http://en.wikipedia.org/wiki/Alain_de_Changy
551,filippis,No Data,No Data,de Filippis Maria,1926-11-11,Italian,http://en.wikipedia.org/wiki/Maria_Teresa_de_Filippis
552,lucienbonnet,No Data,No Data,Lucienbonnet Jean,1923-01-07,French,http://en.wikipedia.org/wiki/Jean_Lucienbonnet
553,testut,No Data,No Data,Testut André,1926-04-13,Monegasque,http://en.wikipedia.org/wiki/Andr%C3%A9_Testut
554,behra,No Data,No Data,Behra Jean,1921-02-16,French,http://en.wikipedia.org/wiki/Jean_Behra
555,paul_russo,No Data,No Data,Russo Paul,1914-04-10,American,http://en.wikipedia.org/wiki/Paul_Russo
556,daywalt,No Data,No Data,Daywalt Jimmy,1924-08-28,American,http://en.wikipedia.org/wiki/Jimmy_Daywalt
557,arnold,No Data,No Data,Arnold Chuck,1926-05-30,American,http://en.wikipedia.org/wiki/Chuck_Arnold
558,keller,No Data,No Data,Keller Al,1920-04-11,American,http://en.wikipedia.org/wiki/Al_Keller
559,flaherty,No Data,No Data,Flaherty Pat,1926-01-06,American,http://en.wikipedia.org/wiki/Pat_Flaherty_(racing_driver)
560,cheesbourg,No Data,No Data,Cheesbourg Bill,1927-06-12,American,http://en.wikipedia.org/wiki/Bill_Cheesbourg
561,ray_crawford,No Data,No Data,Crawford Ray,1915-10-26,American,http://en.wikipedia.org/wiki/Ray_Crawford
562,turner,No Data,No Data,Turner Jack,1920-02-12,American,http://en.wikipedia.org/wiki/Jack_Turner_(driver)
563,weyant,No Data,No Data,Weyant Chuck,1923-04-03,American,http://en.wikipedia.org/wiki/Chuck_Weyant
564,larson,No Data,No Data,Larson Jud,1923-01-21,American,http://en.wikipedia.org/wiki/Jud_Larson
565,magill,No Data,No Data,Magill Mike,1920-02-08,American,http://en.wikipedia.org/wiki/Mike_Magill
566,shelby,No Data,No Data,Shelby Carroll,1923-01-11,American,http://en.wikipedia.org/wiki/Carroll_Shelby
567,orey,No Data,No Data,d'Orey Fritz,1938-03-25,Brazilian,http://en.wikipedia.org/wiki/Fritz_d%27Orey
568,fontes,No Data,No Data,Fontes Azdrubal,1922-12-26,Uruguayan,http://en.wikipedia.org/wiki/Azdrubal_Fontes
569,ashdown,No Data,No Data,Ashdown Peter,1934-10-16,British,http://en.wikipedia.org/wiki/Peter_Ashdown
570,bill_moss,No Data,No Data,Moss Bill,1933-09-04,British,http://en.wikipedia.org/wiki/Bill_Moss_(racing_driver)
571,dennis_taylor,No Data,No Data,Taylor Dennis,1921-06-12,British,http://en.wikipedia.org/wiki/Dennis_Taylor_(racing_driver)
572,blanchard,No Data,No Data,Blanchard Harry,1929-06-13,American,http://en.wikipedia.org/wiki/Harry_Blanchard
573,tomaso,No Data,No Data,de Tomaso Alessandro,1928-07-10,Argentine-Italian,http://en.wikipedia.org/wiki/Alessandro_de_Tomaso
574,constantine,No Data,No Data,Constantine George,1918-02-22,American,http://en.wikipedia.org/wiki/George_Constantine
575,said,No Data,No Data,Said Bob,1932-05-05,American,http://en.wikipedia.org/wiki/Bob_Said
576,cade,No Data,No Data,Cade Phil,1916-06-12,American,http://en.wikipedia.org/wiki/Phil_Cade
577,musso,No Data,No Data,Musso Luigi,1924-07-28,Italian,http://en.wikipedia.org/wiki/Luigi_Musso
578,hawthorn,No Data,No Data,Hawthorn Mike,1929-04-10,British,http://en.wikipedia.org/wiki/Mike_Hawthorn
579,fangio,No Data,No Data,Fangio Juan,1911-06-24,Argentine,http://en.wikipedia.org/wiki/Juan_Manuel_Fangio
580,godia,No Data,No Data,Godia Paco,1921-03-21,Spanish,http://en.wikipedia.org/wiki/Paco_Godia
581,collins,No Data,No Data,Collins Peter,1931-11-06,British,http://en.wikipedia.org/wiki/Peter_Collins_(racing_driver)
582,kavanagh,No Data,No Data,Kavanagh Ken,1923-12-12,Australian,http://en.wikipedia.org/wiki/Ken_Kavanagh
583,gerini,No Data,No Data,Gerini Gerino,1928-08-10,Italian,http://en.wikipedia.org/wiki/Gerino_Gerini_(racing_driver)
584,kessler,No Data,No Data,Kessler Bruce,1936-03-23,American,http://en.wikipedia.org/wiki/Bruce_Kessler
585,emery,No Data,No Data,Emery Paul,1916-11-12,British,http://en.wikipedia.org/wiki/Paul_Emery
586,piotti,No Data,No Data,Piotti Luigi,1913-10-27,Italian,http://en.wikipedia.org/wiki/Luigi_Piotti
587,ecclestone,No Data,No Data,Ecclestone Bernie,1930-10-28,British,http://en.wikipedia.org/wiki/Bernie_Ecclestone
588,taramazzo,No Data,No Data,Taramazzo Luigi,1932-05-05,Italian,http://en.wikipedia.org/wiki/Luigi_Taramazzo
589,chiron,No Data,No Data,Chiron Louis,1899-08-03,Monegasque,http://en.wikipedia.org/wiki/Louis_Chiron
590,lewis-evans,No Data,No Data,Lewis-Evans Stuart,1930-04-20,British,http://en.wikipedia.org/wiki/Stuart_Lewis-Evans
591,george_amick,No Data,No Data,Amick George,1924-10-24,American,http://en.wikipedia.org/wiki/George_Amick
592,reece,No Data,No Data,Reece Jimmy,1929-11-17,American,http://en.wikipedia.org/wiki/Jimmy_Reece
593,parsons,No Data,No Data,Parsons Johnnie,1918-07-04,American,http://en.wikipedia.org/wiki/Johnnie_Parsons
594,tolan,No Data,No Data,Tolan Johnnie,1917-10-22,American,http://en.wikipedia.org/wiki/Johnnie_Tolan
595,garrett,No Data,No Data,Garrett Billy,1933-04-24,American,http://en.wikipedia.org/wiki/Billy_Garrett
596,elisian,No Data,No Data,Elisian Ed,1926-12-09,American,http://en.wikipedia.org/wiki/Ed_Elisian
597,connor,No Data,No Data,O'Connor Pat,1928-10-09,American,http://en.wikipedia.org/wiki/Pat_O%27Connor_(auto_racer)
598,jerry_unser,No Data,No Data,Unser Jerry,1932-11-15,American,http://en.wikipedia.org/wiki/Jerry_Unser
599,bisch,No Data,No Data,Bisch Art,1926-11-10,American,http://en.wikipedia.org/wiki/Art_Bisch
600,goethals,No Data,No Data,Goethals Christian,1928-08-04,Belgian,http://en.wikipedia.org/wiki/Christian_Goethals
601,gibson,No Data,No Data,Gibson Dick,1918-04-16,British,http://en.wikipedia.org/wiki/Dick_Gibson
602,la_caze,No Data,No Data,La Caze Robert,1917-02-26,French,http://en.wikipedia.org/wiki/Robert_La_Caze
603,guelfi,No Data,No Data,Guelfi André,1919-05-06,French,http://en.wikipedia.org/wiki/Andr%C3%A9_Guelfi
604,picard,No Data,No Data,Picard François,1921-04-26,French,http://en.wikipedia.org/wiki/Fran%C3%A7ois_Picard
605,bridger,No Data,No Data,Bridger Tom,1934-06-24,British,http://en.wikipedia.org/wiki/Tom_Bridger
606,portago,No Data,No Data,de Portago Alfonso,1928-10-11,Spanish,http://en.wikipedia.org/wiki/Alfonso_de_Portago
607,perdisa,No Data,No Data,Perdisa Cesare,1932-10-21,Italian,http://en.wikipedia.org/wiki/Cesare_Perdisa
608,castellotti,No Data,No Data,Castellotti Eugenio,1930-10-10,Italian,http://en.wikipedia.org/wiki/Eugenio_Castellotti
609,simon,No Data,No Data,Simon André,1920-01-05,French,http://en.wikipedia.org/wiki/Andr%C3%A9_Simon_(racing_driver)
610,leston,No Data,No Data,Leston Les,1920-12-16,British,http://en.wikipedia.org/wiki/Les_Leston
611,hanks,No Data,No Data,Hanks Sam,1914-07-13,American,http://en.wikipedia.org/wiki/Sam_Hanks
612,linden,No Data,No Data,Linden Andy,1922-04-05,American,http://en.wikipedia.org/wiki/Andy_Linden_(racing_driver)
613,teague,No Data,No Data,Teague Marshall,1921-02-22,American,http://en.wikipedia.org/wiki/Marshall_Teague
614,edmunds,No Data,No Data,Edmunds Don,1930-09-23,American,http://en.wikipedia.org/wiki/Don_Edmunds
615,agabashian,No Data,No Data,Agabashian Fred,1913-08-21,American,http://en.wikipedia.org/wiki/Fred_Agabashian
616,george,No Data,No Data,George Elmer,1928-07-15,American,http://en.wikipedia.org/wiki/Elmer_George
617,macdowel,No Data,No Data,MacDowel Mike,1932-09-13,British,http://en.wikipedia.org/wiki/Mike_MacDowel
618,mackay-fraser,No Data,No Data,MacKay-Fraser Herbert,1927-06-23,American,http://en.wikipedia.org/wiki/Herbert_MacKay-Fraser
619,gerard,No Data,No Data,Gerard Bob,1914-01-19,British,http://en.wikipedia.org/wiki/Bob_Gerard
620,maglioli,No Data,No Data,Maglioli Umberto,1928-06-05,Italian,http://en.wikipedia.org/wiki/Umberto_Maglioli
621,england,No Data,No Data,England Paul,1929-03-28,Australian,http://en.wikipedia.org/wiki/Paul_England
622,landi,No Data,No Data,Landi Chico,1907-07-14,Brazilian,http://en.wikipedia.org/wiki/Chico_Landi
623,uria,No Data,No Data,Uria Alberto,1924-07-11,Uruguayan,http://en.wikipedia.org/wiki/Alberto_Uria
624,ramos,No Data,No Data,da Silva Ramos Hernando,1925-12-07,Brazilian,http://en.wikipedia.org/wiki/Hernando_da_Silva_Ramos
625,bayol,No Data,No Data,Bayol Élie,1914-02-28,French,http://en.wikipedia.org/wiki/%C3%89lie_Bayol
626,manzon,No Data,No Data,Manzon Robert,1917-04-12,French,http://en.wikipedia.org/wiki/Robert_Manzon
627,rosier,No Data,No Data,Rosier Louis,1905-11-05,French,http://en.wikipedia.org/wiki/Louis_Rosier
628,sweikert,No Data,No Data,Sweikert Bob,1926-05-20,American,http://en.wikipedia.org/wiki/Bob_Sweikert
629,griffith,No Data,No Data,Griffith Cliff,1916-02-06,American,http://en.wikipedia.org/wiki/Cliff_Griffith
630,dinsmore,No Data,No Data,Dinsmore Duke,1913-04-10,American,http://en.wikipedia.org/wiki/Duke_Dinsmore
631,andrews,No Data,No Data,Andrews Keith,1920-06-15,American,http://en.wikipedia.org/wiki/Keith_Andrews_(driver)
632,frere,No Data,No Data,Frère Paul,1917-01-30,Belgian,http://en.wikipedia.org/wiki/Paul_Fr%C3%A8re
633,villoresi,No Data,No Data,Villoresi Luigi,1909-05-16,Italian,http://en.wikipedia.org/wiki/Luigi_Villoresi
634,scotti,No Data,No Data,Scotti Piero,1909-11-11,Italian,http://en.wikipedia.org/wiki/Piero_Scotti
635,chapman,No Data,No Data,Chapman Colin,1928-05-19,British,http://en.wikipedia.org/wiki/Colin_Chapman
636,titterington,No Data,No Data,Titterington Desmond,1928-05-01,British,http://en.wikipedia.org/wiki/Desmond_Titterington
637,scott_Brown,No Data,No Data,Scott Brown Archie,1927-05-13,British,http://en.wikipedia.org/wiki/Archie_Scott_Brown
638,volonterio,No Data,No Data,Volonterio Ottorino,1917-12-07,Swiss,http://en.wikipedia.org/wiki/Ottorino_Volonterio
639,milhoux,No Data,No Data,Milhoux André,1928-12-09,Belgian,http://en.wikipedia.org/wiki/Andr%C3%A9_Milhoux
640,graffenried,No Data,No Data,de Graffenried Toulo,1914-05-18,Swiss,http://en.wikipedia.org/wiki/Toulo_de_Graffenried
641,taruffi,No Data,No Data,Taruffi Piero,1906-10-12,Italian,http://en.wikipedia.org/wiki/Piero_Taruffi
642,farina,No Data,No Data,Farina Nino,1906-10-30,Italian,http://en.wikipedia.org/wiki/Nino_Farina
643,mieres,No Data,No Data,Mieres Roberto,1924-12-03,Argentine,http://en.wikipedia.org/wiki/Roberto_Mieres
644,mantovani,No Data,No Data,Mantovani Sergio,1929-05-22,Italian,http://en.wikipedia.org/wiki/Sergio_Mantovani
645,bucci,No Data,No Data,Bucci Clemar,1920-09-04,Argentine,http://en.wikipedia.org/wiki/Clemar_Bucci
646,iglesias,No Data,No Data,Iglesias Jesús,1922-02-22,Argentine,http://en.wikipedia.org/wiki/Jes%C3%BAs_Iglesias
647,ascari,No Data,No Data,Ascari Alberto,1918-07-13,Italian,http://en.wikipedia.org/wiki/Alberto_Ascari
648,kling,No Data,No Data,Kling Karl,1910-09-16,German,http://en.wikipedia.org/wiki/Karl_Kling
649,birger,No Data,No Data,Birger Pablo,1924-01-07,Argentine,http://en.wikipedia.org/wiki/Pablo_Birger
650,pollet,No Data,No Data,Pollet Jacques,1922-07-02,French,http://en.wikipedia.org/wiki/Jacques_Pollet
651,macklin,No Data,No Data,Macklin Lance,1919-09-02,British,http://en.wikipedia.org/wiki/Lance_Macklin
652,whiteaway,No Data,No Data,Whiteaway Ted,1928-11-01,British,http://en.wikipedia.org/wiki/Ted_Whiteaway
653,davies,No Data,No Data,Davies Jimmy,1929-08-08,American,http://en.wikipedia.org/wiki/Jimmy_Davies
654,faulkner,No Data,No Data,Faulkner Walt,1920-02-16,American,http://en.wikipedia.org/wiki/Walt_Faulkner
655,niday,No Data,No Data,Niday Cal,1914-04-29,American,http://en.wikipedia.org/wiki/Cal_Niday
656,cross,No Data,No Data,Cross Art,1918-01-24,American,http://en.wikipedia.org/wiki/Art_Cross
657,vukovich,No Data,No Data,Vukovich Bill,1918-12-13,American,http://en.wikipedia.org/wiki/Bill_Vukovich
658,mcgrath,No Data,No Data,McGrath Jack,1919-10-08,American,http://en.wikipedia.org/wiki/Jack_McGrath_(racing_driver)
659,hoyt,No Data,No Data,Hoyt Jerry,1929-01-29,American,http://en.wikipedia.org/wiki/Jerry_Hoyt
660,claes,No Data,No Data,Claes Johnny,1916-08-11,Belgian,http://en.wikipedia.org/wiki/Johnny_Claes
661,peter_walker,No Data,No Data,Walker Peter,1912-10-07,British,http://en.wikipedia.org/wiki/Peter_Walker_(driver)
662,sparken,No Data,No Data,Sparken Mike,1930-06-16,French,http://en.wikipedia.org/wiki/Mike_Sparken
663,wharton,No Data,No Data,Wharton Ken,1916-03-21,British,http://en.wikipedia.org/wiki/Ken_Wharton
664,mcalpine,No Data,No Data,McAlpine Kenneth,1920-09-21,British,http://en.wikipedia.org/wiki/Kenneth_McAlpine
665,marr,No Data,No Data,Marr Leslie,1922-08-14,British,http://en.wikipedia.org/wiki/Leslie_Marr
666,rolt,No Data,No Data,Rolt Tony,1918-10-16,British,http://en.wikipedia.org/wiki/Tony_Rolt
667,fitch,No Data,No Data,Fitch John,1917-08-04,American,http://en.wikipedia.org/wiki/John_Fitch_(driver)
668,lucas,No Data,No Data,Lucas Jean,1917-04-25,French,http://en.wikipedia.org/wiki/Jean_Lucas
669,bira,No Data,No Data,Bira Prince,1914-07-15,Thai,http://en.wikipedia.org/wiki/Prince_Bira
670,marimon,No Data,No Data,Marimón Onofre,1923-12-19,Argentine,http://en.wikipedia.org/wiki/Onofre_Marim%C3%B3n
671,loyer,No Data,No Data,Loyer Roger,1907-08-05,French,http://en.wikipedia.org/wiki/Roger_Loyer
672,daponte,No Data,No Data,Daponte Jorge,1923-06-05,Argentine,http://en.wikipedia.org/wiki/Jorge_Daponte
673,nazaruk,No Data,No Data,Nazaruk Mike,1921-10-02,American,http://en.wikipedia.org/wiki/Mike_Nazaruk
674,crockett,No Data,No Data,Crockett Larry,1926-10-23,American,http://en.wikipedia.org/wiki/Larry_Crockett
675,ayulo,No Data,No Data,Ayulo Manny,1921-10-20,American,http://en.wikipedia.org/wiki/Manny_Ayulo
676,armi,No Data,No Data,Armi Frank,1918-10-12,American,http://en.wikipedia.org/wiki/Frank_Armi
677,webb,No Data,No Data,Webb Travis,1910-10-08,American,http://en.wikipedia.org/wiki/Travis_Webb
678,duncan,No Data,No Data,Duncan Len,1911-07-25,American,http://en.wikipedia.org/wiki/Len_Duncan
679,mccoy,No Data,No Data,McCoy Ernie,1921-02-19,American,http://en.wikipedia.org/wiki/Ernie_McCoy
680,swaters,No Data,No Data,Swaters Jacques,1926-10-30,American,http://en.wikipedia.org/wiki/Jacques_Swaters
681,georges_berger,No Data,No Data,Berger Georges,1918-09-14,Belgian,http://en.wikipedia.org/wiki/Georges_Berger
682,beauman,No Data,No Data,Beauman Don,1928-07-26,British,http://en.wikipedia.org/wiki/Don_Beauman
683,thorne,No Data,No Data,Thorne Leslie,1916-06-23,British,http://en.wikipedia.org/wiki/Leslie_Thorne
684,whitehouse,No Data,No Data,Whitehouse Bill,1909-04-01,British,http://en.wikipedia.org/wiki/Bill_Whitehouse
685,riseley_prichard,No Data,No Data,Riseley-Prichard John,1924-01-17,British,http://en.wikipedia.org/wiki/John_Riseley-Prichard
686,reg_parnell,No Data,No Data,Parnell Reg,1911-07-02,British,http://en.wikipedia.org/wiki/Reg_Parnell
687,whitehead,No Data,No Data,Whitehead Peter,1914-11-12,British,http://en.wikipedia.org/wiki/Peter_Whitehead_(racing_driver)
688,brandon,No Data,No Data,Brandon Eric,1920-07-18,British,http://en.wikipedia.org/wiki/Eric_Brandon
689,alan_brown,No Data,No Data,Brown Alan,1919-11-20,British,http://en.wikipedia.org/wiki/Alan_Brown_(racing_driver)
690,nuckey,No Data,No Data,Nuckey Rodney,1929-06-26,British,http://en.wikipedia.org/wiki/Rodney_Nuckey
691,lang,No Data,No Data,Lang Hermann,1909-04-06,German,http://en.wikipedia.org/wiki/Hermann_Lang
692,helfrich,No Data,No Data,Helfrich Theo,1913-05-13,German,http://en.wikipedia.org/wiki/Theo_Helfrich
693,wacker,No Data,No Data,Wacker Fred,1918-07-10,American,http://en.wikipedia.org/wiki/Fred_Wacker
694,riu,No Data,No Data,de Riu Giovanni,1925-03-10,Italian,http://en.wikipedia.org/wiki/Giovanni_de_Riu
695,galvez,No Data,No Data,Gálvez Oscar,1913-08-17,Argentine,http://en.wikipedia.org/wiki/%C3%93scar_Alfredo_G%C3%A1lvez
696,john_barber,No Data,No Data,Barber John,1929-07-22,British,http://en.wikipedia.org/wiki/John_Barber_(racing_driver)
697,bonetto,No Data,No Data,Bonetto Felice,1903-06-09,Italian,http://en.wikipedia.org/wiki/Felice_Bonetto
698,cruz,No Data,No Data,Cruz Adolfo,1923-06-28,Argentine,http://en.wikipedia.org/wiki/Adolfo_Schewelm_Cruz
699,nalon,No Data,No Data,Nalon Duke,1913-03-02,American,http://en.wikipedia.org/wiki/Duke_Nalon
700,scarborough,No Data,No Data,Scarborough Carl,1914-07-03,American,http://en.wikipedia.org/wiki/Carl_Scarborough
701,holland,No Data,No Data,Holland Bill,1907-12-18,American,http://en.wikipedia.org/wiki/Bill_Holland
702,bob_scott,No Data,No Data,Scott Bob,1928-10-04,American,http://en.wikipedia.org/wiki/Bob_Scott_(auto_racer)
703,legat,No Data,No Data,Legat Arthur,1898-11-01,Belgian,http://en.wikipedia.org/wiki/Arthur_Legat
704,cabantous,No Data,No Data,Cabantous Yves,1904-10-08,French,http://en.wikipedia.org/wiki/Yves_Giraud_Cabantous
705,crook,No Data,No Data,Crook Tony,1920-02-16,British,http://en.wikipedia.org/wiki/Tony_Crook
706,jimmy_stewart,No Data,No Data,Stewart Jimmy,1931-03-06,British,http://en.wikipedia.org/wiki/Jimmy_Stewart_(racing_driver)
707,ian_stewart,No Data,No Data,Stewart Ian,1929-07-15,British,http://en.wikipedia.org/wiki/Ian_Stewart_(racing_driver)
708,duncan_hamilton,No Data,No Data,Hamilton Duncan,1920-04-30,British,http://en.wikipedia.org/wiki/Duncan_Hamilton_(racing_driver)
709,klodwig,No Data,No Data,Klodwig Ernst,1903-05-23,East German,http://en.wikipedia.org/wiki/Ernst_Klodwig
710,krause,No Data,No Data,Krause Rudolf,1907-03-30,East German,http://en.wikipedia.org/wiki/Rudolf_Krause
711,karch,No Data,No Data,Karch Oswald,1917-03-06,German,http://en.wikipedia.org/wiki/Oswald_Karch
712,heeks,No Data,No Data,Heeks Willi,1922-02-13,German,http://en.wikipedia.org/wiki/Willi_Heeks
713,fitzau,No Data,No Data,Fitzau Theo,1923-02-10,East German,http://en.wikipedia.org/wiki/Theo_Fitzau
714,adolff,No Data,No Data,Adolff Kurt,1921-11-05,German,http://en.wikipedia.org/wiki/Kurt_Adolff
715,bechem,No Data,No Data,Bechem Günther,1921-12-21,German,http://en.wikipedia.org/wiki/G%C3%BCnther_Bechem
716,bauer,No Data,No Data,Bauer Erwin,1912-07-17,German,http://en.wikipedia.org/wiki/Erwin_Bauer
717,hans_stuck,No Data,No Data,von Stuck Hans,1900-12-27,German,http://en.wikipedia.org/wiki/Hans_Von_Stuck
718,loof,No Data,No Data,Loof Ernst,1907-07-04,German,http://en.wikipedia.org/wiki/Ernst_Loof
719,scherrer,No Data,No Data,Scherrer Albert,1908-02-28,Swiss,http://en.wikipedia.org/wiki/Albert_Scherrer
720,terra,No Data,No Data,de Terra Max,1918-10-06,Swiss,http://en.wikipedia.org/wiki/Max_de_Terra
721,hirt,No Data,No Data,Hirt Peter,1910-03-30,Swiss,http://en.wikipedia.org/wiki/Peter_Hirt
722,carini,No Data,No Data,Carini Piero,1921-03-06,Italian,http://en.wikipedia.org/wiki/Piero_Carini
723,fischer,No Data,No Data,Fischer Rudi,1912-04-19,Swiss,http://en.wikipedia.org/wiki/Rudi_Fischer
724,ulmen,No Data,No Data,Ulmen Toni,1906-01-25,German,http://en.wikipedia.org/wiki/Toni_Ulmen
725,abecassis,No Data,No Data,Abecassis George,1913-03-21,British,http://en.wikipedia.org/wiki/George_Abecassis
726,george_connor,No Data,No Data,Connor George,1906-08-16,American,http://en.wikipedia.org/wiki/George_Connor_(driver)
727,rigsby,No Data,No Data,Rigsby Jim,1923-06-06,American,http://en.wikipedia.org/wiki/Jim_Rigsby
728,james,No Data,No Data,James Joe,1925-05-23,American,http://en.wikipedia.org/wiki/Joe_James_(racing_driver)
729,schindler,No Data,No Data,Schindler Bill,1909-03-06,American,http://en.wikipedia.org/wiki/Bill_Schindler
730,fonder,No Data,No Data,Fonder George,1917-06-22,American,http://en.wikipedia.org/wiki/George_Fonder
731,banks,No Data,No Data,Banks Henry,1913-06-14,American,http://en.wikipedia.org/wiki/Henry_Banks
732,mcdowell,No Data,No Data,McDowell Johnny,1915-01-29,American,http://en.wikipedia.org/wiki/Johnny_McDowell
733,miller,No Data,No Data,Miller Chet,1902-07-19,American,http://en.wikipedia.org/wiki/Chet_Miller
734,ball,No Data,No Data,Ball Bobby,1925-08-26,American,http://en.wikipedia.org/wiki/Bobby_Ball_(auto_racer)
735,tornaco,No Data,No Data,de Tornaco Charles,1927-06-07,Belgian,http://en.wikipedia.org/wiki/Charles_de_Tornaco
736,laurent,No Data,No Data,Laurent Roger,1913-02-21,Belgian,http://en.wikipedia.org/wiki/Roger_Laurent
737,obrien,No Data,No Data,O'Brien Robert,1908-04-11,American,http://en.wikipedia.org/wiki/Robert_O%27Brien_(auto_racer)
738,gaze,No Data,No Data,Gaze Tony,1920-02-03,Australian,http://en.wikipedia.org/wiki/Tony_Gaze
739,charrington,No Data,No Data,Montgomerie-Charrington Robin,1915-06-23,British,http://en.wikipedia.org/wiki/Robin_Montgomerie-Charrington
740,comotti,No Data,No Data,Comotti Franco,1906-07-24,Italian,http://en.wikipedia.org/wiki/Franco_Comotti
741,etancelin,No Data,No Data,Étancelin Philippe,1896-12-28,French,http://en.wikipedia.org/wiki/Philippe_%C3%89tancelin
742,poore,No Data,No Data,Poore Dennis,1916-08-19,British,http://en.wikipedia.org/wiki/Dennis_Poore
743,thompson,No Data,No Data,Thompson Eric,1919-11-04,British,http://en.wikipedia.org/wiki/Eric_Thompson_(racing_driver)
744,downing,No Data,No Data,Downing Ken,1917-12-05,British,http://en.wikipedia.org/wiki/Ken_Downing
745,graham_whitehead,No Data,No Data,Whitehead Graham,1922-04-15,British,http://en.wikipedia.org/wiki/Graham_Whitehead
746,bianco,No Data,No Data,Bianco Gino,1916-07-22,Brazilian,http://en.wikipedia.org/wiki/Gino_Bianco
747,murray,No Data,No Data,Murray David,1909-12-28,British,http://en.wikipedia.org/wiki/David_Murray_(driver)
748,cantoni,No Data,No Data,Cantoni Eitel,1906-10-04,Uruguayan,http://en.wikipedia.org/wiki/Eitel_Cantoni
749,aston,No Data,No Data,Aston Bill,1900-03-29,British,http://en.wikipedia.org/wiki/Bill_Aston
750,brudes,No Data,No Data,Brudes Adolf,1899-10-15,German,http://en.wikipedia.org/wiki/Adolf_Brudes
751,riess,No Data,No Data,Riess Fritz,1922-07-11,German,http://en.wikipedia.org/wiki/Fritz_Riess
752,niedermayr,No Data,No Data,Niedermayr Helmut,1915-11-29,German,http://en.wikipedia.org/wiki/Helmut_Niedermayr
753,klenk,No Data,No Data,Klenk Hans,1919-10-28,German,http://en.wikipedia.org/wiki/Hans_Klenk
754,balsa,No Data,No Data,Balsa Marcel,1909-01-01,French,http://en.wikipedia.org/wiki/Marcel_Balsa
755,schoeller,No Data,No Data,Schoeller Rudolf,1902-04-27,Swiss,http://en.wikipedia.org/wiki/Rudolf_Schoeller
756,pietsch,No Data,No Data,Pietsch Paul,1911-06-20,German,http://en.wikipedia.org/wiki/Paul_Pietsch
757,peters,No Data,No Data,Peters Josef,1914-09-16,German,http://en.wikipedia.org/wiki/Josef_Peters_(driver)
758,lof,No Data,No Data,van der Lof Dries,1919-08-23,Dutch,http://en.wikipedia.org/wiki/Dries_van_der_Lof
759,flinterman,No Data,No Data,Flinterman Jan,1919-10-02,Dutch,http://en.wikipedia.org/wiki/Jan_Flinterman
760,dusio,No Data,No Data,Dusio Piero,1899-10-13,Italian,http://en.wikipedia.org/wiki/Piero_Dusio
761,crespo,No Data,No Data,Crespo Alberto,1920-01-16,Argentine,http://en.wikipedia.org/wiki/Alberto_Crespo
762,rol,No Data,No Data,Rol Franco,1908-06-05,Italian,http://en.wikipedia.org/wiki/Franco_Rol
763,sanesi,No Data,No Data,Sanesi Consalvo,1911-03-28,Italian,http://en.wikipedia.org/wiki/Consalvo_Sanesi
764,guy_mairesse,No Data,No Data,Mairesse Guy,1910-08-10,French,http://en.wikipedia.org/wiki/Guy_Mairesse
765,louveau,No Data,No Data,Louveau Henri,1910-01-25,French,http://en.wikipedia.org/wiki/Henri_Louveau
766,wallard,No Data,No Data,Wallard Lee,1910-09-07,American,http://en.wikipedia.org/wiki/Lee_Wallard
767,forberg,No Data,No Data,Forberg Carl,1911-03-04,American,http://en.wikipedia.org/wiki/Carl_Forberg
768,rose,No Data,No Data,Rose Mauri,1906-05-26,American,http://en.wikipedia.org/wiki/Mauri_Rose
769,mackey,No Data,No Data,Mackey Bill,1927-12-15,American,http://en.wikipedia.org/wiki/Bill_Mackey
770,green,No Data,No Data,Green Cecil,1919-09-30,American,http://en.wikipedia.org/wiki/Cecil_Green
771,walt_brown,No Data,No Data,Brown Walt,1911-12-30,American,http://en.wikipedia.org/wiki/Walt_Brown_(auto_racer)
772,hellings,No Data,No Data,Hellings Mack,1915-09-14,American,http://en.wikipedia.org/wiki/Mack_Hellings
773,levegh,No Data,No Data,Levegh Pierre,1905-12-22,French,http://en.wikipedia.org/wiki/Pierre_Levegh
774,chaboud,No Data,No Data,Chaboud Eugène,1907-04-12,French,http://en.wikipedia.org/wiki/Eug%C3%A8ne_Chaboud
775,gordini,No Data,No Data,Gordini Aldo,1921-05-20,French,http://en.wikipedia.org/wiki/Aldo_Gordini
776,kelly,No Data,No Data,Kelly Joe,1913-03-13,Irish,http://en.wikipedia.org/wiki/Joe_Kelly_(Formula_One)
777,parker,No Data,No Data,Fotheringham-Parker Philip,1907-09-22,British,http://en.wikipedia.org/wiki/Philip_Fotheringham-Parker
778,shawe_taylor,No Data,No Data,Shawe Taylor Brian,1915-01-28,British,http://en.wikipedia.org/wiki/Brian_Shawe_Taylor
779,john_james,No Data,No Data,James John,1914-05-10,British,http://en.wikipedia.org/wiki/John_James_(auto_racer)
780,branca,No Data,No Data,Branca Toni,1916-09-15,Swiss,http://en.wikipedia.org/wiki/Toni_Branca
781,richardson,No Data,No Data,Richardson Ken,1911-08-21,British,http://en.wikipedia.org/wiki/Ken_Richardson_(race_car_driver)
782,jover,No Data,No Data,Jover Juan,1903-11-23,Spanish,http://en.wikipedia.org/wiki/Juan_Jover
783,grignard,No Data,No Data,Grignard Georges,1905-07-25,French,http://en.wikipedia.org/wiki/Georges_Grignard
784,hampshire,No Data,No Data,Hampshire David,1917-12-29,British,http://en.wikipedia.org/wiki/David_Hampshire
785,crossley,No Data,No Data,Crossley Geoff,1921-05-11,British,http://en.wikipedia.org/wiki/Geoff_Crossley
786,fagioli,No Data,No Data,Fagioli Luigi,1898-06-09,Italian,http://en.wikipedia.org/wiki/Luigi_Fagioli
787,harrison,No Data,No Data,Harrison Cuth,1906-07-06,British,http://en.wikipedia.org/wiki/Cuth_Harrison
788,fry,No Data,No Data,Fry Joe,1915-10-26,British,http://en.wikipedia.org/wiki/Joe_Fry
789,martin,No Data,No Data,Martin Eugène,1915-03-24,French,http://en.wikipedia.org/wiki/Eug%C3%A8ne_Martin
790,leslie_johnson,No Data,No Data,Johnson Leslie,1912-03-22,British,http://en.wikipedia.org/wiki/Leslie_Johnson_(racing_driver)
791,biondetti,No Data,No Data,Biondetti Clemente,1898-08-18,Italian,http://en.wikipedia.org/wiki/Clemente_Biondetti
792,pian,No Data,No Data,Pián Alfredo,1912-10-21,Argentine,http://en.wikipedia.org/wiki/Alfredo_Pi%C3%A0n
793,sommer,No Data,No Data,Sommer Raymond,1906-08-31,French,http://en.wikipedia.org/wiki/Raymond_Sommer
794,chitwood,No Data,No Data,Chitwood Joie,1912-04-14,American,http://en.wikipedia.org/wiki/Joie_Chitwood
795,fohr,No Data,No Data,Fohr Myron,1912-06-17,American,http://en.wikipedia.org/wiki/Myron_Fohr
796,ader,No Data,No Data,Ader Walt,1913-12-15,American,http://en.wikipedia.org/wiki/Walt_Ader
797,holmes,No Data,No Data,Holmes Jackie,1920-09-04,American,http://en.wikipedia.org/wiki/Jackie_Holmes
798,levrett,No Data,No Data,Levrett Bayliss,1914-02-14,American,http://en.wikipedia.org/wiki/Bayliss_Levrett
799,jackson,No Data,No Data,Jackson Jimmy,1910-07-25,American,http://en.wikipedia.org/wiki/Jimmy_Jackson_(driver)
800,pagani,No Data,No Data,Pagani Nello,1911-10-11,Italian,http://en.wikipedia.org/wiki/Nello_Pagani
801,pozzi,No Data,No Data,Pozzi Charles,1909-08-27,French,http://en.wikipedia.org/wiki/Charles_Pozzi
802,serafini,No Data,No Data,Serafini Dorino,1909-07-22,Italian,http://en.wikipedia.org/wiki/Dorino_Serafini
803,cantrell,No Data,No Data,Cantrell Bill,1908-01-31,American,http://en.wikipedia.org/wiki/William_Cantrell
804,mantz,No Data,No Data,Mantz Johnny,1918-09-18,American,http://en.wikipedia.org/wiki/Johnny_Mantz
805,kladis,No Data,No Data,Kladis Danny,1917-02-10,American,http://en.wikipedia.org/wiki/Danny_Kladis
806,oscar_gonzalez,No Data,No Data,González Óscar,1923-11-10,Uruguayan,http://en.wikipedia.org/wiki/Oscar_Gonz%C3%A1lez_(racing_driver)
807,hulkenberg,27,HUL,Hülkenberg Nico,1987-08-19,German,http://en.wikipedia.org/wiki/Nico_H%C3%BClkenberg
808,petrov,No Data,PET,Petrov Vitaly,1984-09-08,Russian,http://en.wikipedia.org/wiki/Vitaly_Petrov
810,grassi,No Data,DIG,di Grassi Lucas,1984-08-11,Brazilian,http://en.wikipedia.org/wiki/Lucas_di_Grassi
811,bruno_senna,No Data,SEN,Senna Bruno,1983-10-15,Brazilian,http://en.wikipedia.org/wiki/Bruno_Senna
812,chandhok,No Data,CHA,Chandhok Karun,1984-01-19,Indian,http://en.wikipedia.org/wiki/Karun_Chandhok
813,maldonado,13,MAL,Maldonado Pastor,1985-03-09,Venezuelan,http://en.wikipedia.org/wiki/Pastor_Maldonado
814,resta,No Data,DIR,di Resta Paul,1986-04-16,British,http://en.wikipedia.org/wiki/Paul_di_Resta
815,perez,11,PER,Pérez Sergio,1990-01-26,Mexican,http://en.wikipedia.org/wiki/Sergio_P%C3%A9rez
816,ambrosio,No Data,DAM,d'Ambrosio Jérôme,1985-12-27,Belgian,http://en.wikipedia.org/wiki/J%C3%A9r%C3%B4me_d%27Ambrosio
817,ricciardo,3,RIC,Ricciardo Daniel,1989-07-01,Australian,http://en.wikipedia.org/wiki/Daniel_Ricciardo
818,vergne,25,VER,Vergne Jean-Éric,1990-04-25,French,http://en.wikipedia.org/wiki/Jean-%C3%89ric_Vergne
819,pic,No Data,PIC,Pic Charles,1990-02-15,French,http://en.wikipedia.org/wiki/Charles_Pic
820,chilton,4,CHI,Chilton Max,1991-04-21,British,http://en.wikipedia.org/wiki/Max_Chilton
821,gutierrez,21,GUT,Gutiérrez Esteban,1991-08-05,Mexican,http://en.wikipedia.org/wiki/Esteban_Guti%C3%A9rrez
822,bottas,77,BOT,Bottas Valtteri,1989-08-28,Finnish,http://en.wikipedia.org/wiki/Valtteri_Bottas
823,garde,No Data,VDG,van der Garde Giedo,1985-04-25,Dutch,http://en.wikipedia.org/wiki/Giedo_van_der_Garde
824,jules_bianchi,17,BIA,Bianchi Jules,1989-08-03,French,http://en.wikipedia.org/wiki/Jules_Bianchi
825,kevin_magnussen,20,MAG,Magnussen Kevin,1992-10-05,Danish,http://en.wikipedia.org/wiki/Kevin_Magnussen
826,kvyat,26,KVY,Kvyat Daniil,1994-04-26,Russian,http://en.wikipedia.org/wiki/Daniil_Kvyat
827,lotterer,45,LOT,Lotterer André,1981-11-19,German,http://en.wikipedia.org/wiki/Andr%C3%A9_Lotterer
828,ericsson,9,ERI,Ericsson Marcus,1990-09-02,Swedish,http://en.wikipedia.org/wiki/Marcus_Ericsson
829,stevens,28,STE,Stevens Will,1991-06-28,British,http://en.wikipedia.org/wiki/Will_Stevens
830,max_verstappen,33,VER,Verstappen Max,1997-09-30,Dutch,http://en.wikipedia.org/wiki/Max_Verstappen
831,nasr,12,NAS,Nasr Felipe,1992-08-21,Brazilian,http://en.wikipedia.org/wiki/Felipe_Nasr
832,sainz,55,SAI,Sainz Carlos,1994-09-01,Spanish,http://en.wikipedia.org/wiki/Carlos_Sainz_Jr.
833,merhi,98,MER,Merhi Roberto,1991-03-22,Spanish,http://en.wikipedia.org/wiki/Roberto_Merhi
834,rossi,53,RSS,Rossi Alexander,1991-09-25,American,http://en.wikipedia.org/wiki/Alexander_Rossi_%28racing_driver%29
835,jolyon_palmer,30,PAL,Palmer Jolyon,1991-01-20,British,http://en.wikipedia.org/wiki/Jolyon_Palmer
836,wehrlein,94,WEH,Wehrlein Pascal,1994-10-18,German,http://en.wikipedia.org/wiki/Pascal_Wehrlein
837,haryanto,88,HAR,Haryanto Rio,1993-01-22,Indonesian,http://en.wikipedia.org/wiki/Rio_Haryanto
838,vandoorne,2,VAN,Vandoorne Stoffel,1992-03-26,Belgian,http://en.wikipedia.org/wiki/Stoffel_Vandoorne
839,ocon,31,OCO,Ocon Esteban,1996-09-17,French,http://en.wikipedia.org/wiki/Esteban_Ocon
840,stroll,18,STR,Stroll Lance,1998-10-29,Canadian,http://en.wikipedia.org/wiki/Lance_Stroll
841,giovinazzi,99,GIO,Giovinazzi Antonio,1993-12-14,Italian,http://en.wikipedia.org/wiki/Antonio_Giovinazzi
843,brendon_hartley,28,HAR,Hartley Brendon,1989-11-10,New Zealander,http://en.wikipedia.org/wiki/Brendon_Hartley
844,leclerc,16,LEC,Leclerc Charles,1997-10-16,Monegasque,http://en.wikipedia.org/wiki/Charles_Leclerc
845,sirotkin,35,SIR,Sirotkin Sergey,1995-08-27,Russian,http://en.wikipedia.org/wiki/Sergey_Sirotkin_(racing_driver)
846,norris,4,NOR,Norris Lando,1999-11-13,British,http://en.wikipedia.org/wiki/Lando_Norris
847,russell,63,RUS,Russell George,1998-02-15,British,http://en.wikipedia.org/wiki/George_Russell_%28racing_driver%29
848,albon,23,ALB,Albon Alexander,1996-03-23,Thai,http://en.wikipedia.org/wiki/Alexander_Albon
849,latifi,6,LAT,Latifi Nicholas,1995-06-29,Canadian,http://en.wikipedia.org/wiki/Nicholas_Latifi
850,pietro_fittipaldi,51,FIT,Fittipaldi Pietro,1996-06-25,Brazilian,http://en.wikipedia.org/wiki/Pietro_Fittipaldi
851,aitken,89,AIT,Aitken Jack,1995-09-23,British,http://en.wikipedia.org/wiki/Jack_Aitken
852,tsunoda,No Data,TSU,Tsunoda Yuki,2000-05-11,Japanese,http://en.wikipedia.org/wiki/Yuki_Tsunoda
853,mazepin,No Data,MAZ,Mazepin Nikita,1999-03-02,Russian,http://en.wikipedia.org/wiki/Nikita_Mazepin
854,mick_schumacher,No Data,SCH,Schumacher Mick,1999-03-22,German,http://en.wikipedia.org/wiki/Mick_Schumacher
